# name: debug
# type: sparse matrix
# nnz: 9684
# rows: 354
# columns: 354

1 1 22695115032502220108657524236518690426276299785631764855640754988970481546213526851028909228689500110654207940758128631710826647734034718522126886278298880113878831781742833734295221274114861979818613695688183526027729719494683944083926286336.000000000
2 1 228614233821702190081671743914731809817614456686950119124018063814052027628150474340457449160373975650645112043560481407475536249983871034162516609598198108065059745407761222410202303381045618911853195492632309929563177903608739837715018678272.000000000
3 1 -1053797465311036973327776938486206619224138523671973324654688822442232365944749854572659903505953963209323876405342901972114524758677495993196462902804757838252669803355313989508165077104749436054784211569445820798692143685993385426944.000000000
4 1 7210566602845566536152951337393594660142351925036302176289934214435448105262336144918734464395502949201484595189168681626065432882793860922673297916225146431574520849113119721521152.000000000
5 1 -122237712883263110194058123784778228912708083228872285259244791853569932409116929991523595514329374671826598583045546923132769973181017242538019106036963445803305181476428586156032.000000000
6 1 10258343855987427246449946547213353237464985684963589438865639926410809174431296275486322511984317974626451852590600750227119976270328795026303078067963048537175147010052305344004096.000000000
7 1 0.000000000
8 1 -0.000000000
9 1 -0.000000000
10 1 -0.000000000
11 1 -0.000000000
12 1 -0.000000000
13 1 -0.000000000
14 1 0.000000000
15 1 0.000000000
16 1 -0.000000000
17 1 -0.000000000
18 1 0.000000000
19 1 0.000000000
20 1 0.000000000
21 1 0.000000000
22 1 0.000000000
23 1 0.000000000
24 1 0.000000000
25 1 0.000000000
26 1 0.000000000
27 1 0.000000000
28 1 0.000000000
29 1 0.000000000
30 1 0.000000000
31 1 0.000000000
32 1 0.000000000
33 1 0.000000000
34 1 0.000000000
35 1 0.000000000
36 1 0.000000000
37 1 -2527077340759500573900800.000000000
38 1 191884206617929999127150592.000000000
39 1 -25592312992824079434121216.000000000
40 1 2613969240677340765142145927156115817103360.000000000
41 1 -1018173809712713306921190318980637898309632.000000000
42 1 -7892103233110280475417978543174832638394368.000000000
43 1 0.000000000
44 1 0.000000000
45 1 0.000000000
46 1 0.000000000
47 1 0.000000000
48 1 0.000000000
55 1 -12767.136148097
56 1 11620.027126867
57 1 19603.513569743
58 1 -1651172025233626365952.000000000
59 1 812462014793938239488.000000000
60 1 -1556943789334243835904.000000000
61 1 -20645.521650083
62 1 71651.338029098
63 1 23482.830908882
64 1 -1850115538177686503424.000000000
65 1 985087118922287808512.000000000
66 1 -4632295440302818197504.000000000
67 1 -509.912019176
68 1 38718.270179684
69 1 -5164.000239750
70 1 527445010122436444160.000000000
71 1 -205446447882135175168.000000000
72 1 -1592463447885302988800.000000000
73 1 0.000000000
74 1 0.000000000
75 1 0.000000000
76 1 0.000000000
77 1 0.000000000
78 1 0.000000000
79 1 48598115827607048255654118337544192.000000000
80 1 -3690116937973888531010683527063666688.000000000
81 1 492164672232721730213605322675716096.000000000
82 1 -50269130223794427153580266271136591547982201978093568.000000000
83 1 19580456814267113415991177963208000785678738216976384.000000000
84 1 151772698389537245384103075720187009049553790610440192.000000000
85 1 68.103519152
86 1 -61.984514835
87 1 -104.570691998
88 1 8807819102004769792.000000000
89 1 -4333902430634274816.000000000
90 1 8305179011560308736.000000000
91 1 0.000000000
92 1 0.000000000
93 1 0.000000000
94 1 0.000000000
95 1 0.000000000
96 1 0.000000000
97 1 0.000000000
98 1 0.000000000
99 1 0.000000000
100 1 0.000000000
101 1 0.000000000
102 1 0.000000000
103 1 47.667377005
104 1 -3619.444751666
105 1 482.738858906
106 1 -49306388555597414400.000000000
107 1 19205456857563979776.000000000
108 1 148865986055669514240.000000000
109 1 0.000000000
110 1 0.000000000
111 1 0.000000000
112 1 0.000000000
113 1 0.000000000
114 1 0.000000000
115 1 0.000000000
116 1 0.000000000
117 1 0.000000000
118 1 0.000000000
119 1 0.000000000
120 1 0.000000000
121 1 0.000000000
122 1 0.000000000
123 1 0.000000000
124 1 0.000000000
125 1 0.000000000
126 1 0.000000000
127 1 2738.503081269
128 1 -10433.406483931
129 1 -2970.388240645
130 1 230991587520635043840.000000000
131 1 -124886730097126998016.000000000
132 1 651620272138054402048.000000000
133 1 0.000000000
134 1 0.000000000
135 1 0.000000000
136 1 0.000000000
137 1 0.000000000
138 1 0.000000000
139 1 0.000000000
140 1 0.000000000
141 1 0.000000000
142 1 0.000000000
143 1 0.000000000
144 1 0.000000000
145 1 0.000000000
146 1 0.000000000
147 1 0.000000000
148 1 0.000000000
149 1 0.000000000
150 1 0.000000000
151 1 0.000000000
152 1 0.000000000
153 1 0.000000000
154 1 0.000000000
155 1 0.000000000
156 1 0.000000000
157 1 0.000000000
158 1 0.000000000
159 1 0.000000000
160 1 0.000000000
161 1 0.000000000
162 1 0.000000000
163 1 0.000000000
164 1 0.000000000
165 1 0.000000000
166 1 0.000000000
167 1 0.000000000
168 1 0.000000000
169 1 0.000000000
170 1 0.000000000
171 1 0.000000000
172 1 0.000000000
173 1 0.000000000
174 1 0.000000000
175 1 0.000000000
176 1 0.000000000
177 1 0.000000000
178 1 0.000000000
179 1 0.000000000
180 1 0.000000000
181 1 751.039576339
182 1 -683.559738784
183 1 -1153.196328087
184 1 97131848827295055872.000000000
185 1 -47793892091721007104.000000000
186 1 91588778435615834112.000000000
187 1 282.453640834
188 1 -257.075583005
189 1 -433.698185457
190 1 36529691918399418368.000000000
191 1 -17974497291779952640.000000000
192 1 34445034248080863232.000000000
193 1 -21259.945921693
194 1 19349.770023611
195 1 32643.940938159
196 1 -2749545987187776946176.000000000
197 1 1352918798514099060736.000000000
198 1 -2592636310947185557504.000000000
199 1 167347161569739491300035526656.000000000
200 1 -152311257159616071681756364800.000000000
201 1 -256956009134392092118493429760.000000000
202 1 21642986217187222051063988736925597721316818944.000000000
203 1 -10649468328828651710114289202579017768439382016.000000000
204 1 20407875411242184210844803257017907284319141888.000000000
205 1 1330.467802742
206 1 -101024.117719752
207 1 13473.963730928
208 1 -1376215067099338375168.000000000
209 1 536053032318574657536.000000000
210 1 4155072374797864796160.000000000
211 1 0.000000000
212 1 0.000000000
213 1 0.000000000
214 1 0.000000000
215 1 0.000000000
216 1 0.000000000
217 1 26964459550250231302330305740800.000000000
218 1 -2047445815855400182238517506605056.000000000
219 1 273075492135490958852692497137664.000000000
220 1 -27891614838609875591021047169123029744432082583552.000000000
221 1 10864133861004554460896614033300199221108806778880.000000000
222 1 84210441430986587265113647868678460893066290003968.000000000
223 1 0.000000000
224 1 0.000000000
225 1 0.000000000
226 1 0.000000000
227 1 0.000000000
228 1 0.000000000
229 1 0.000000000
230 1 0.000000000
231 1 0.000000000
232 1 0.000000000
233 1 0.000000000
234 1 0.000000000
235 1 0.000000000
236 1 0.000000000
237 1 0.000000000
238 1 0.000000000
239 1 0.000000000
240 1 0.000000000
241 1 0.000000000
242 1 0.000000000
243 1 0.000000000
244 1 0.000000000
245 1 0.000000000
246 1 0.000000000
247 1 852031079651844649612888091836547072.000000000
248 1 -775477299187748991866273247126355968.000000000
249 1 -1308265427582813119516502948459839488.000000000
250 1 110193066560230908725979508956305267004534093124730880.000000000
251 1 -54220686582417341478323680651087665699620314339606528.000000000
252 1 103904625312660328469658094093027548729423659010097152.000000000
253 1 0.000000000
254 1 0.000000000
255 1 0.000000000
256 1 0.000000000
257 1 0.000000000
258 1 0.000000000
259 1 -649.047687757
260 1 49283.019009265
261 1 -6573.060232246
262 1 671364767577993904128.000000000
263 1 -261504998786691301376.000000000
264 1 -2026986381609317433344.000000000
265 1 0.000000000
266 1 0.000000000
267 1 0.000000000
268 1 0.000000000
269 1 0.000000000
270 1 0.000000000
271 1 -90.808877146
272 1 6895.233898871
273 1 -919.643086885
274 1 93931280935552319488.000000000
275 1 -36587412228525039616.000000000
276 1 -283597585780913897472.000000000
277 1 0.000000000
278 1 0.000000000
279 1 0.000000000
280 1 0.000000000
281 1 0.000000000
282 1 0.000000000
283 1 0.000000000
284 1 0.000000000
285 1 0.000000000
286 1 0.000000000
287 1 0.000000000
288 1 0.000000000
289 1 0.000000000
290 1 0.000000000
291 1 0.000000000
292 1 0.000000000
293 1 0.000000000
294 1 0.000000000
295 1 0.000000000
296 1 0.000000000
297 1 0.000000000
298 1 0.000000000
299 1 0.000000000
300 1 0.000000000
301 1 0.000000000
302 1 0.000000000
303 1 0.000000000
304 1 0.000000000
305 1 0.000000000
306 1 0.000000000
307 1 0.000000000
308 1 0.000000000
309 1 0.000000000
310 1 0.000000000
311 1 0.000000000
312 1 0.000000000
313 1 -81.468531447
314 1 74.148699788
315 1 125.092224537
316 1 -10536314370087391232.000000000
317 1 5184411479120300032.000000000
318 1 -9935033400689805312.000000000
319 1 0.000000000
320 1 0.000000000
321 1 0.000000000
322 1 0.000000000
323 1 0.000000000
324 1 0.000000000
325 1 -133.912355673
326 1 121.880521011
327 1 205.617975022
328 1 -17318867203721162752.000000000
329 1 8521778183768007680.000000000
330 1 -16330522997640384512.000000000
331 1 -14874279551670828355795505040525531710637295602564987882083475955020871246513155572206215431811459868309215508220663037952.000000000
332 1 1129423023486831140303942561242069095271536925719504134448065515684909408804677635721785433559195634843217906678461670359040.000000000
333 1 -150635365087289031701065743925585032011527111795971322707343145441007169850566218432844767673792296641944602635022421196800.000000000
334 1 15385721916060561550868569771460805228013354126434959270460163460992339570270072722795273910683162336782140761163068344806432227800924553216.000000000
335 1 -5992931689738059068868682721108488651968825173418985250895190662214270547314814523810728442853027333944924167470992125467200212951548035072.000000000
336 1 -46452614586242416745316515141846470320809078435809142626509612447124288768434324459203757040862888751034763969804761644556755402172045197312.000000000
1 2 298890210508591705977276120890043647087876677384344053173750292851164210423669218036837410613449723495261400301934247389051215501727871017818613769215833397221572503304561625530693681757906147718411765288392210198042839286888552446432378880.000000000
2 2 3010804588316522587565929659021473843888641189783870878725700533554882186815468463781720127659592763369700494577391453885419851774645163127974743612301121529941872815268243078626019409450219950063192383242214013578517476491996349093740806144.000000000
3 2 -13878305784710078044908208755107831883425818361179662918243738951516929469094111818922212910720133301484606335205161535169916211428804620145388306015940980590605288092815216292336773058992764196691576363435989876920060794105388597248.000000000
4 2 94961746910040538450515247069135925734147833588792492235281865710768375394446520500616139047059463820875934637192755257878815305339072413318090785143856405681766980040174826684416.000000000
5 2 -1609846686542179310780222223541372147546116838612792327681554583038471009279506430273838351618506017472321566463204467108654994462413752068430026885695863966600776685301981511680.000000000
6 2 135100375133350870917277231616947746118795736822987169336394079069360259896624609478184143426790788102566653102713745271501667427640346817885066865569400742359755059332605521428480.000000000
7 2 -0.000000000
8 2 -0.000000000
9 2 -0.000000000
10 2 -0.000000000
11 2 0.000000000
12 2 0.000000000
13 2 0.000000000
14 2 -0.000000000
15 2 0.000000000
16 2 0.000000000
17 2 0.000000000
18 2 -0.000000000
19 2 0.000000000
20 2 0.000000000
21 2 0.000000000
22 2 0.000000000
23 2 0.000000000
24 2 0.000000000
25 2 0.000000000
26 2 0.000000000
27 2 0.000000000
28 2 0.000000000
29 2 0.000000000
30 2 0.000000000
31 2 0.000000000
32 2 0.000000000
33 2 0.000000000
34 2 0.000000000
35 2 0.000000000
36 2 0.000000000
37 2 861610757479905982982097886773248.000000000
38 2 -65423204088726658931604401510416384.000000000
39 2 8725736972016374091992950995156992.000000000
40 2 -891236679290663588239065696155607713393492055031808.000000000
41 2 347147866542586130413692179252748441838626545860608.000000000
42 2 2690824271625213324869245615329674991327290528366592.000000000
43 2 0.000000000
44 2 0.000000000
45 2 0.000000000
46 2 0.000000000
47 2 0.000000000
48 2 0.000000000
55 2 321.140236211
56 2 -292.286242820
57 2 -493.100167909
58 2 41533024168996356096.000000000
59 2 -20436395470092607488.000000000
60 2 39162838907132313600.000000000
61 2 27768.781162709
62 2 -15887.750136890
63 2 -44097.185993697
64 2 3736927439166791221248.000000000
65 2 -1825491531998498127872.000000000
66 2 3010914883220078067712.000000000
67 2 -2169.763759730
68 2 164752.930537119
69 2 -21973.713413457
70 2 2244369666092356075520.000000000
71 2 -874210139036206235648.000000000
72 2 -6776207165112747819008.000000000
73 2 0.000000000
74 2 0.000000000
75 2 0.000000000
76 2 0.000000000
77 2 0.000000000
78 2 0.000000000
79 2 151231161334830825824838118560235520.000000000
80 2 -11483175026182896162197096208609050624.000000000
81 2 1531553923073066505004674478214479872.000000000
82 2 -156431145808284061888185198251361366830576852642299904.000000000
83 2 60931893614813101861067358233510484710346021031378944.000000000
84 2 472297352386900359908615045153404270010316581758828544.000000000
85 2 -141.029345413
86 2 128.358059346
87 2 216.545876417
88 2 -18239306543092051968.000000000
89 2 8974681932579440640.000000000
90 2 -17198435178195681280.000000000
91 2 0.000000000
92 2 0.000000000
93 2 0.000000000
94 2 0.000000000
95 2 0.000000000
96 2 0.000000000
97 2 0.000000000
98 2 0.000000000
99 2 0.000000000
100 2 0.000000000
101 2 0.000000000
102 2 0.000000000
103 2 -957.310285058
104 2 72689.791314530
105 2 -9694.908838478
106 2 990226772471029694464.000000000
107 2 -385705749599830081536.000000000
108 2 -2989695437466559315968.000000000
109 2 0.000000000
110 2 0.000000000
111 2 0.000000000
112 2 0.000000000
113 2 0.000000000
114 2 0.000000000
115 2 0.000000000
116 2 0.000000000
117 2 0.000000000
118 2 0.000000000
119 2 0.000000000
120 2 0.000000000
121 2 0.000000000
122 2 0.000000000
123 2 0.000000000
124 2 0.000000000
125 2 0.000000000
126 2 0.000000000
127 2 -63.106701689
128 2 -6686.173587514
129 2 1145.252748503
130 2 -112767252696913985536.000000000
131 2 45953199535726534656.000000000
132 2 262068525933517701120.000000000
133 2 0.000000000
134 2 0.000000000
135 2 0.000000000
136 2 0.000000000
137 2 0.000000000
138 2 0.000000000
139 2 0.000000000
140 2 0.000000000
141 2 0.000000000
142 2 0.000000000
143 2 0.000000000
144 2 0.000000000
145 2 0.000000000
146 2 0.000000000
147 2 0.000000000
148 2 0.000000000
149 2 0.000000000
150 2 0.000000000
151 2 0.000000000
152 2 0.000000000
153 2 0.000000000
154 2 0.000000000
155 2 0.000000000
156 2 0.000000000
157 2 0.000000000
158 2 0.000000000
159 2 0.000000000
160 2 0.000000000
161 2 0.000000000
162 2 0.000000000
163 2 0.000000000
164 2 0.000000000
165 2 0.000000000
166 2 0.000000000
167 2 0.000000000
168 2 0.000000000
169 2 0.000000000
170 2 0.000000000
171 2 0.000000000
172 2 0.000000000
173 2 0.000000000
174 2 0.000000000
175 2 0.000000000
176 2 0.000000000
177 2 0.000000000
178 2 0.000000000
179 2 0.000000000
180 2 0.000000000
181 2 23897.833949679
182 2 -21750.647564766
183 2 -36694.330403130
184 2 3090703696088633180160.000000000
185 2 -1520786031788509364224.000000000
186 2 2914325007181929775104.000000000
187 2 -587.284175375
188 2 534.517527649
189 2 901.755348084
190 2 -75953384532994932736.000000000
191 2 37372992568333090816.000000000
192 2 -71618915849079996416.000000000
193 2 -6156.782356488
194 2 5603.604219986
195 2 9453.534846917
196 2 -796255845834366517248.000000000
197 2 391799048743274545152.000000000
198 2 -750815526757420498944.000000000
199 2 133529471691809657652445708288.000000000
200 2 -121532038610426700602206584832.000000000
201 2 -205030069383354902858224893952.000000000
202 2 17269348869175602038661691693544025126256771072.000000000
203 2 -8497412602690268317138936481803823992016994304.000000000
204 2 16283830549942227408441045110613328232282324992.000000000
205 2 -4519.653757427
206 2 343183.076134500
207 2 -45771.608060283
208 2 4675059092918541746176.000000000
209 2 -1820994162133101445120.000000000
210 2 -14114951472284121956352.000000000
211 2 0.000000000
212 2 0.000000000
213 2 0.000000000
214 2 0.000000000
215 2 0.000000000
216 2 0.000000000
217 2 81915159937237711263127253811200.000000000
218 2 -6219922604273625497258247170555904.000000000
219 2 829574298403138396439824266428416.000000000
220 2 -84731759082905772085860136604556353284764176744448.000000000
221 2 33004083065165279833216180375723386434751570116608.000000000
222 2 255822363706178550780890344747956862375919383216128.000000000
223 2 0.000000000
224 2 0.000000000
225 2 0.000000000
226 2 0.000000000
227 2 0.000000000
228 2 0.000000000
229 2 0.000000000
230 2 0.000000000
231 2 0.000000000
232 2 0.000000000
233 2 0.000000000
234 2 0.000000000
235 2 0.000000000
236 2 0.000000000
237 2 0.000000000
238 2 0.000000000
239 2 0.000000000
240 2 0.000000000
241 2 0.000000000
242 2 0.000000000
243 2 0.000000000
244 2 0.000000000
245 2 0.000000000
246 2 0.000000000
247 2 268009492612677520978492743300939776.000000000
248 2 -243929220953868704888476351818891264.000000000
249 2 -411519675541002709634430488367071232.000000000
250 2 34661632144111601116661613295073643274888054965272576.000000000
251 2 -17055315289675328229209935748344973264903496588591104.000000000
252 2 32683579948204972650777577834328523110373264105406464.000000000
253 2 0.000000000
254 2 0.000000000
255 2 0.000000000
256 2 0.000000000
257 2 0.000000000
258 2 0.000000000
259 2 -2396.844923684
260 2 181995.493034266
261 2 -24273.418344900
262 2 2479258867201763442688.000000000
263 2 -965702429393827135488.000000000
264 2 -7485385297223396360192.000000000
265 2 0.000000000
266 2 0.000000000
267 2 0.000000000
268 2 0.000000000
269 2 0.000000000
270 2 0.000000000
271 2 -168.196892139
272 2 12771.404611647
273 2 -1703.369912200
274 2 173980232159297568768.000000000
275 2 -67767482889902956544.000000000
276 2 -525281602918125731840.000000000
277 2 0.000000000
278 2 0.000000000
279 2 0.000000000
280 2 0.000000000
281 2 0.000000000
282 2 0.000000000
283 2 0.000000000
284 2 0.000000000
285 2 0.000000000
286 2 0.000000000
287 2 0.000000000
288 2 0.000000000
289 2 0.000000000
290 2 0.000000000
291 2 0.000000000
292 2 0.000000000
293 2 0.000000000
294 2 0.000000000
295 2 0.000000000
296 2 0.000000000
297 2 0.000000000
298 2 0.000000000
299 2 0.000000000
300 2 0.000000000
301 2 0.000000000
302 2 0.000000000
303 2 0.000000000
304 2 0.000000000
305 2 0.000000000
306 2 0.000000000
307 2 0.000000000
308 2 0.000000000
309 2 0.000000000
310 2 0.000000000
311 2 0.000000000
312 2 0.000000000
313 2 169.391263803
314 2 -154.171699715
315 2 -260.094660231
316 2 21907349688025411584.000000000
317 2 -10779548826119491584.000000000
318 2 20657152323494940672.000000000
319 2 0.000000000
320 2 0.000000000
321 2 0.000000000
322 2 0.000000000
323 2 0.000000000
324 2 0.000000000
325 2 100.867222181
326 2 -91.804445755
327 2 -154.878269945
328 2 13045144470617456640.000000000
329 2 -6418885614523563008.000000000
330 2 12300690875393212416.000000000
331 2 -149832773197454197784852979556167414651887502390654869437795302274344253444586084438503593684638969534448693092681248669696.000000000
332 2 11376993630799169141881077697872394467122137044473293447022532881565754568381006951748034652944579136836961893962375850098688.000000000
333 2 -1517392113966567710015164022514960585444394406754652301763176250455934485096346768488878649988979903918216397095733932589056.000000000
334 2 154984675010309977481138679021937627301811647295757380760795812063608300541680945172009864706187817783276244899981260620601895046864481288192.000000000
335 2 -60368475094008385196586582249327514718809503740648763379492575145883166121042579622493362657313254778790984590121303269109028884016200155136.000000000
336 2 -467930163713198593420305287268474527151337766785107908318453099085133841667114657365165550864950252073924172766805798042713151874473278832640.000000000
1 3 -1377732787440415537190468071105825929153347661105104102123968850276175489448837423684486186451170669894448672791131345359678643957004554685261924605740981649449418779674773819146438515409980329722781439152830695677243920364410503168.000000000
2 3 -13878287250831448965332535759302044111269431977395521475335758557710532893118064117066047046845795181104181945898489918727473165729947103536548304632868654365833792281443180047589140549273541873263184099108737429608550994101267333120.000000000
3 3 63971974462406928405422872758937903338479925213768107775538780311827575038761644585241204084572734166002513702251121970829858058235656953046092372131428520158039892701592420132525932357748760911053102034858915045211142881280.000000000
4 3 -437725651997627456309711010550122571415588210513320485772261184986854415131702242229216691471072117202946689080637638963228698344391774515971210753677041802489044790149120.000000000
5 3 7420579479760907788301647516100104498676543234802199814647864043005468450980089003915761986915852740984541815062711371758912919070608420206584539879470670240953244057600.000000000
6 3 -622744438835901175724671311217360525326859385561673642886288460104470555545757771728134245019462624746376780074215612096308224886323409895034829395276432453071892325072896.000000000
7 3 -0.000000000
8 3 0.000000000
9 3 0.000000000
10 3 0.000000000
11 3 0.000000000
12 3 0.000000000
13 3 0.000000000
14 3 -0.000000000
15 3 0.000000000
16 3 0.000000000
17 3 0.000000000
18 3 -0.000000000
19 3 0.000000000
20 3 0.000000000
21 3 0.000000000
22 3 0.000000000
23 3 0.000000000
24 3 0.000000000
25 3 0.000000000
26 3 0.000000000
27 3 0.000000000
28 3 0.000000000
29 3 0.000000000
30 3 0.000000000
31 3 0.000000000
32 3 0.000000000
33 3 0.000000000
34 3 0.000000000
35 3 0.000000000
36 3 0.000000000
37 3 -683474966009652520756267781718016.000000000
38 3 51897126170488685510568709957091328.000000000
39 3 -6921713463515043043590548372848640.000000000
40 3 706975805253856658953626967490012205984232006221824.000000000
41 3 -275375944677722795275063351138008364315048222392320.000000000
42 3 -2134503326033369998681865739485997867625735314735104.000000000
43 3 0.000000000
44 3 0.000000000
45 3 0.000000000
46 3 0.000000000
47 3 0.000000000
48 3 0.000000000
55 3 5508.528409827
56 3 -5013.594968270
57 3 -8458.162439778
58 3 712417248864985546752.000000000
59 3 -350546123929700139008.000000000
60 3 671761387719723843584.000000000
61 3 288886.770070421
62 3 -1002596.288704396
63 3 -328588.413703742
64 3 25888127929299155025920.000000000
65 3 -13784037152232134672384.000000000
66 3 64818360187402942676992.000000000
67 3 -171.565736836
68 3 13027.205287526
69 3 -1737.487003315
70 3 177464912374917660672.000000000
71 3 -69124809546833723392.000000000
72 3 -535802559158959079424.000000000
73 3 0.000000000
74 3 0.000000000
75 3 0.000000000
76 3 0.000000000
77 3 0.000000000
78 3 0.000000000
79 3 27377816984860083328080509744971776.000000000
80 3 -2078832573241264866357640012553519104.000000000
81 3 277261661143387927223792054533357568.000000000
82 3 -28319185297989129163922937923238588474079853424934912.000000000
83 3 11030677918513808758995319986434659366094348226658304.000000000
84 3 85501363356286312220751959275877787083283753559130112.000000000
85 3 -145.818759391
86 3 132.717151292
87 3 223.899862529
88 3 -18858720817932640256.000000000
89 3 9279465784315244544.000000000
90 3 -17782501037779013632.000000000
91 3 0.000000000
92 3 0.000000000
93 3 0.000000000
94 3 0.000000000
95 3 0.000000000
96 3 0.000000000
97 3 0.000000000
98 3 0.000000000
99 3 0.000000000
100 3 0.000000000
101 3 0.000000000
102 3 0.000000000
103 3 598.492067955
104 3 -45444.266297036
105 3 6061.071451903
106 3 -619070825886833967104.000000000
107 3 241135852506000556032.000000000
108 3 1869100366781560127488.000000000
109 3 0.000000000
110 3 0.000000000
111 3 0.000000000
112 3 0.000000000
113 3 0.000000000
114 3 0.000000000
115 3 0.000000000
116 3 0.000000000
117 3 0.000000000
118 3 0.000000000
119 3 0.000000000
120 3 0.000000000
121 3 0.000000000
122 3 0.000000000
123 3 0.000000000
124 3 0.000000000
125 3 0.000000000
126 3 0.000000000
127 3 -1463.639855388
128 3 5577.070955913
129 3 1587.456973694
130 3 -123445646895326789632.000000000
131 3 66743135631069954048.000000000
132 3 -348299942088086126592.000000000
133 3 0.000000000
134 3 0.000000000
135 3 0.000000000
136 3 0.000000000
137 3 0.000000000
138 3 0.000000000
139 3 0.000000000
140 3 0.000000000
141 3 0.000000000
142 3 0.000000000
143 3 0.000000000
144 3 0.000000000
145 3 0.000000000
146 3 0.000000000
147 3 0.000000000
148 3 0.000000000
149 3 0.000000000
150 3 0.000000000
151 3 0.000000000
152 3 0.000000000
153 3 0.000000000
154 3 0.000000000
155 3 0.000000000
156 3 0.000000000
157 3 0.000000000
158 3 0.000000000
159 3 0.000000000
160 3 0.000000000
161 3 0.000000000
162 3 0.000000000
163 3 0.000000000
164 3 0.000000000
165 3 0.000000000
166 3 0.000000000
167 3 0.000000000
168 3 0.000000000
169 3 0.000000000
170 3 0.000000000
171 3 0.000000000
172 3 0.000000000
173 3 0.000000000
174 3 0.000000000
175 3 0.000000000
176 3 0.000000000
177 3 0.000000000
178 3 0.000000000
179 3 0.000000000
180 3 0.000000000
181 3 6045.691224734
182 3 -5502.494468389
183 3 -9282.958103349
184 3 781888444494166491136.000000000
185 3 -384729544377997787136.000000000
186 3 737268036887410376704.000000000
187 3 -606.011367280
188 3 551.562108001
189 3 930.510329339
190 3 -78375369778986418176.000000000
191 3 38564734544751935488.000000000
192 3 -73902684486737281024.000000000
193 3 3588.876627736
194 3 -3266.421168031
195 3 -5510.600878370
196 3 464148938414569553920.000000000
197 3 -228385277794063843328.000000000
198 3 437661125519854534656.000000000
199 3 42690429984949175834613121024.000000000
200 3 -38854755579361699035808268288.000000000
201 3 -65549737529263811373995917312.000000000
202 3 5521147649612264268584170391070302573093191680.000000000
203 3 -2716690129693850032652003685576884313145737216.000000000
204 3 5206069635200425670511805632107603318452256768.000000000
205 3 1022.874777340
206 3 -77668.186863043
207 3 10358.896038495
208 3 -1058045656896723484672.000000000
209 3 412122055825484873728.000000000
210 3 3194454402764582158336.000000000
211 3 0.000000000
212 3 0.000000000
213 3 0.000000000
214 3 0.000000000
215 3 0.000000000
216 3 0.000000000
217 3 14149511838814268393486003732480.000000000
218 3 -1074390486365519438623774081024000.000000000
219 3 143295470159916661588211445792768.000000000
220 3 -14636033539893283401186642450377485039807542329344.000000000
221 3 5700918662889364499321213002483371065412492984320.000000000
222 3 44189153346797289064804908117664705470632363556864.000000000
223 3 0.000000000
224 3 0.000000000
225 3 0.000000000
226 3 0.000000000
227 3 0.000000000
228 3 0.000000000
229 3 0.000000000
230 3 0.000000000
231 3 0.000000000
232 3 0.000000000
233 3 0.000000000
234 3 0.000000000
235 3 0.000000000
236 3 0.000000000
237 3 0.000000000
238 3 0.000000000
239 3 0.000000000
240 3 0.000000000
241 3 0.000000000
242 3 0.000000000
243 3 0.000000000
244 3 0.000000000
245 3 0.000000000
246 3 0.000000000
247 3 -126191365600967577168139714329313280.000000000
248 3 114853250913146166821640538744160256.000000000
249 3 193762651173086834316383352547966976.000000000
250 3 -16320312581409423267888975985499689195895131142619136.000000000
251 3 8030437676584690339024534077567299315954639370715136.000000000
252 3 -15388953376934579377121967465047004320105808699326464.000000000
253 3 0.000000000
254 3 0.000000000
255 3 0.000000000
256 3 0.000000000
257 3 0.000000000
258 3 0.000000000
259 3 -169.912011411
260 3 12901.635806145
261 3 -1720.739332798
262 3 175754324684127731712.000000000
263 3 -68458514183110180864.000000000
264 3 -530637948024704270336.000000000
265 3 0.000000000
266 3 0.000000000
267 3 0.000000000
268 3 0.000000000
269 3 0.000000000
270 3 0.000000000
271 3 40.558162629
272 3 -3079.633033957
273 3 410.742154851
274 3 -41952728498208579584.000000000
275 3 16341114018539730944.000000000
276 3 126663795069262266368.000000000
277 3 0.000000000
278 3 0.000000000
279 3 0.000000000
280 3 0.000000000
281 3 0.000000000
282 3 0.000000000
283 3 0.000000000
284 3 0.000000000
285 3 0.000000000
286 3 0.000000000
287 3 0.000000000
288 3 0.000000000
289 3 0.000000000
290 3 0.000000000
291 3 0.000000000
292 3 0.000000000
293 3 0.000000000
294 3 0.000000000
295 3 0.000000000
296 3 0.000000000
297 3 0.000000000
298 3 0.000000000
299 3 0.000000000
300 3 0.000000000
301 3 0.000000000
302 3 0.000000000
303 3 0.000000000
304 3 0.000000000
305 3 0.000000000
306 3 0.000000000
307 3 0.000000000
308 3 0.000000000
309 3 0.000000000
310 3 0.000000000
311 3 0.000000000
312 3 0.000000000
313 3 174.792776338
314 3 -159.087894033
315 3 -268.388503349
316 3 22605926587988373504.000000000
317 3 -11123284782736191488.000000000
318 3 21315863196225363968.000000000
319 3 0.000000000
320 3 0.000000000
321 3 0.000000000
322 3 0.000000000
323 3 0.000000000
324 3 0.000000000
325 3 194.652576209
326 3 -177.163319136
327 3 -298.882566523
328 3 25174391872011853824.000000000
329 3 -12387102512018964480.000000000
330 3 23737752624442359808.000000000
331 3 690654269318781097044303338849378309917720942782339061958228617148897541223519925018458758852442323148854513369088.000000000
332 3 -52442259830358235368346359256121417703359412532180394223640337046267387011328643933095203570517243094732724911472640.000000000
333 3 6994419974864797284526928025894935553741733366926065210177636593815671544114539546863424576269448372586505473884160.000000000
334 3 -714401964207074606372312782229152847801500966913062690682483301134196928689438187929308527983231290491795261334475423376339323846656.000000000
335 3 278268526746121903214829069206810282212843860325894583395406420840312756558011386227804598423567661275163340317356406722958658109440.000000000
336 3 2156924405888576904617410199222817353388722943422057221630140471723821556079707449652976616635789625061585849158232052109998764851200.000000000
1 4 -529200367345772534656190511630537397691055251917615808017640907784727473140122765785838389707900050585339524842851471700556968506328082624378444645651933670739594716003536652468224.000000000
2 4 -5330783137501389566629020537252180720556490127752851028663031465161343300558956397085767177726532039372355704145446492819076891910338491457954792971086295151752136219061028667785216.000000000
3 4 24572248475145075556545368554727532408621906249520023307677073526990136558205323588739938316199146396221579705457944173613072521883324641814006589463518342125473365470740480.000000000
4 4 -168134617935722501799966373554060056437678994306246186396432217434542296166382661322384038483403780064346228309593423872.000000000
5 4 2850315694310794289487531017934404892628138112049884988059750892389282393519990819169894619531448976101616644786225152.000000000
6 4 -239202107113059161182542978619168720272745980235259552896540559466401171314326682033286069142624352051265331685721374720.000000000
7 4 -0.000000000
8 4 -0.000000000
9 4 -0.000000000
10 4 -0.000000000
11 4 0.000000000
12 4 0.000000000
13 4 0.000000000
14 4 -0.000000000
15 4 0.000000000
16 4 0.000000000
17 4 0.000000000
18 4 -0.000000000
19 4 0.000000000
20 4 0.000000000
21 4 0.000000000
22 4 0.000000000
23 4 0.000000000
24 4 0.000000000
25 4 0.000000000
26 4 0.000000000
27 4 0.000000000
28 4 0.000000000
29 4 0.000000000
30 4 0.000000000
31 4 0.000000000
32 4 0.000000000
33 4 0.000000000
34 4 0.000000000
35 4 0.000000000
36 4 0.000000000
37 4 1965904375299105.000000000
38 4 -149273627386335808.000000000
39 4 19909180963767400.000000000
40 4 -2033500710192121876826880735182848.000000000
41 4 792074035505221495212092568895488.000000000
42 4 6139551024433909273539379938197504.000000000
43 4 0.000000000
44 4 0.000000000
45 4 0.000000000
46 4 0.000000000
47 4 0.000000000
48 4 0.000000000
55 4 -0.000000000
56 4 0.000000000
57 4 0.000000000
58 4 -7541.141047310
59 4 3710.631330661
60 4 -7110.787088608
61 4 0.000000000
62 4 -0.000000000
63 4 -0.000000000
64 4 9991.540322852
65 4 -5397.050228137
66 4 27995.535280343
67 4 0.000000000
68 4 -0.000000000
69 4 0.000000000
70 4 -31396.619594569
71 4 12229.377181355
72 4 94792.761580784
73 4 0.000000000
74 4 0.000000000
75 4 0.000000000
76 4 0.000000000
77 4 0.000000000
78 4 0.000000000
79 4 -891190434866688384.000000000
80 4 67669226731496742912.000000000
81 4 -9025297396899049472.000000000
82 4 921833434518966320724842592520372224.000000000
83 4 -359065686519525047672419269715427328.000000000
84 4 -2783202080477087707946047567499886592.000000000
85 4 0.000000000
86 4 -0.000000000
87 4 -0.000000000
88 4 55.940258958
89 4 -27.525499952
90 4 52.747889032
91 4 0.000000000
92 4 0.000000000
93 4 0.000000000
94 4 0.000000000
95 4 0.000000000
96 4 0.000000000
97 4 0.000000000
98 4 0.000000000
99 4 0.000000000
100 4 0.000000000
101 4 0.000000000
102 4 0.000000000
103 4 -0.000000000
104 4 0.000000000
105 4 -0.000000000
106 4 0.000001338
107 4 -0.000000521
108 4 -0.000004041
109 4 0.000000000
110 4 0.000000000
111 4 0.000000000
112 4 0.000000000
113 4 0.000000000
114 4 0.000000000
115 4 0.000000000
116 4 0.000000000
117 4 0.000000000
118 4 0.000000000
119 4 0.000000000
120 4 0.000000000
121 4 0.000000000
122 4 0.000000000
123 4 0.000000000
124 4 0.000000000
125 4 0.000000000
126 4 0.000000000
127 4 -0.000000000
128 4 -0.000000000
129 4 0.000000000
130 4 -0.003166678
131 4 0.001384501
132 4 0.003724624
133 4 0.000000000
134 4 0.000000000
135 4 0.000000000
136 4 0.000000000
137 4 0.000000000
138 4 0.000000000
139 4 0.000000000
140 4 0.000000000
141 4 0.000000000
142 4 0.000000000
143 4 0.000000000
144 4 0.000000000
145 4 0.000000000
146 4 0.000000000
147 4 0.000000000
148 4 0.000000000
149 4 0.000000000
150 4 0.000000000
151 4 0.000000000
152 4 0.000000000
153 4 0.000000000
154 4 0.000000000
155 4 0.000000000
156 4 0.000000000
157 4 0.000000000
158 4 0.000000000
159 4 0.000000000
160 4 0.000000000
161 4 0.000000000
162 4 0.000000000
163 4 0.000000000
164 4 0.000000000
165 4 0.000000000
166 4 0.000000000
167 4 0.000000000
168 4 0.000000000
169 4 0.000000000
170 4 0.000000000
171 4 0.000000000
172 4 0.000000000
173 4 0.000000000
174 4 0.000000000
175 4 0.000000000
176 4 0.000000000
177 4 0.000000000
178 4 0.000000000
179 4 0.000000000
180 4 0.000000000
181 4 -0.000000000
182 4 0.000000000
183 4 0.000000000
184 4 -39950.982326779
185 4 19657.949079909
186 4 -37671.080215086
187 4 0.000000000
188 4 -0.000000000
189 4 -0.000000000
190 4 231.842640095
191 4 -114.078566986
192 4 218.611963552
193 4 -0.000000000
194 4 0.000000000
195 4 0.000000000
196 4 -9667.820730863
197 4 4757.067700776
198 4 -9116.102509782
199 4 639931353843.833740234
200 4 -582434432024.655273438
201 4 -982593342254.893920898
202 4 82762237143868476346937114624.000000000
203 4 -40723300123284895745229979648.000000000
204 4 78039204361109423643443593216.000000000
205 4 0.000000000
206 4 -0.000000000
207 4 0.000000000
208 4 -58616.638593748
209 4 22831.916038187
210 4 176975.518977377
211 4 0.000000000
212 4 0.000000000
213 4 0.000000000
214 4 0.000000000
215 4 0.000000000
216 4 0.000000000
217 4 -480135294029512.500000000
218 4 36457285449138728.000000000
219 4 -4862444265363035.000000000
220 4 496644431776478493576941296156672.000000000
221 4 -193449236244046930089677011550208.000000000
222 4 -1499470255707259807714013972791296.000000000
223 4 0.000000000
224 4 0.000000000
225 4 0.000000000
226 4 0.000000000
227 4 0.000000000
228 4 0.000000000
229 4 0.000000000
230 4 0.000000000
231 4 0.000000000
232 4 0.000000000
233 4 0.000000000
234 4 0.000000000
235 4 0.000000000
236 4 0.000000000
237 4 0.000000000
238 4 0.000000000
239 4 0.000000000
240 4 0.000000000
241 4 0.000000000
242 4 0.000000000
243 4 0.000000000
244 4 0.000000000
245 4 0.000000000
246 4 0.000000000
247 4 332463274993812416.000000000
248 4 -302591922675713344.000000000
249 4 -510486317932311744.000000000
250 4 42997431273510948533480448004718592.000000000
251 4 -21156959486700228044821696455114752.000000000
252 4 40543675980185525343753385654878208.000000000
253 4 0.000000000
254 4 0.000000000
255 4 0.000000000
256 4 0.000000000
257 4 0.000000000
258 4 0.000000000
259 4 0.000000000
260 4 -0.000000000
261 4 0.000000000
262 4 -34101.785559504
263 4 13283.073259167
264 4 102960.206218517
265 4 0.000000000
266 4 0.000000000
267 4 0.000000000
268 4 0.000000000
269 4 0.000000000
270 4 0.000000000
271 4 0.000000000
272 4 -0.000000000
273 4 0.000000000
274 4 -0.001250652
275 4 0.000487145
276 4 0.003775972
277 4 0.000000000
278 4 0.000000000
279 4 0.000000000
280 4 0.000000000
281 4 0.000000000
282 4 0.000000000
283 4 0.000000000
284 4 0.000000000
285 4 0.000000000
286 4 0.000000000
287 4 0.000000000
288 4 0.000000000
289 4 0.000000000
290 4 0.000000000
291 4 0.000000000
292 4 0.000000000
293 4 0.000000000
294 4 0.000000000
295 4 0.000000000
296 4 0.000000000
297 4 0.000000000
298 4 0.000000000
299 4 0.000000000
300 4 0.000000000
301 4 0.000000000
302 4 0.000000000
303 4 0.000000000
304 4 0.000000000
305 4 0.000000000
306 4 0.000000000
307 4 0.000000000
308 4 0.000000000
309 4 0.000000000
310 4 0.000000000
311 4 0.000000000
312 4 0.000000000
313 4 -0.000000000
314 4 0.000000000
315 4 0.000000000
316 4 -66.870723929
317 4 32.903853908
318 4 -63.054579849
319 4 0.000000000
320 4 0.000000000
321 4 0.000000000
322 4 0.000000000
323 4 0.000000000
324 4 0.000000000
325 4 -0.000000000
326 4 0.000000000
327 4 0.000000000
328 4 -122.236778331
329 4 60.146815527
330 4 -115.261032735
331 4 -4725773948405559622615298714541931966936679641595608779718656.000000000
332 4 358834045210879295224068005649917546990334369995282626675474432.000000000
333 4 -47859036235345374668734723856599322550715373777112522739941376.000000000
334 4 4888266591719665380186922492730358612679325057815245528596920338498408373288960.000000000
335 4 -1904041157459415214479609176648571971054246274562838796818847569078370397323264.000000000
336 4 -14758668148221628985030001532435926179559798430624457972096373960647604881588224.000000000
1 5 -987007819250631491226951471782467777809992950420315617530293379760688699150732965188273049190723251814133133593732946884724506822082954568446682696173101608033986118429533148282880.000000000
2 5 -9942405493466853977440846076552490397934395035420350353246304661798810116082454042461612728160284474317809699564199879753260824966237480086017362104733182054711103493989495505682432.000000000
3 5 45829524841752433163925445871511289327759076745456736743706636690532980782207527053361930254160543183935630343178273541551537025765864899259218919898138688522398349798670336.000000000
4 5 -313586673081135452764514145469362018406422515060505881944570681532739106745336021413341106021247223545333566839071965184.000000000
5 5 5316103410373077304034470607445777625111172408782238658350957653198207266694950091895177383279391339532775147454857216.000000000
6 5 -446134138730775973576699151650685785222757852546291507505931405867878076234370456704110603269796552485577704345899630592.000000000
7 5 -0.000000000
8 5 0.000000000
9 5 0.000000000
10 5 0.000000000
11 5 0.000000000
12 5 0.000000000
13 5 0.000000000
14 5 -0.000000000
15 5 -0.000000000
16 5 0.000000000
17 5 0.000000000
18 5 -0.000000000
19 5 0.000000000
20 5 0.000000000
21 5 0.000000000
22 5 0.000000000
23 5 0.000000000
24 5 0.000000000
25 5 0.000000000
26 5 0.000000000
27 5 0.000000000
28 5 0.000000000
29 5 0.000000000
30 5 0.000000000
31 5 0.000000000
32 5 0.000000000
33 5 0.000000000
34 5 0.000000000
35 5 0.000000000
36 5 0.000000000
37 5 -557550090596656.312500000
38 5 42335489720999416.000000000
39 5 -5646442314044324.000000000
40 5 576721085441138177509329303764992.000000000
41 5 -224640097353669305544822029811712.000000000
42 5 -1741237912131462597732460010668032.000000000
43 5 0.000000000
44 5 0.000000000
45 5 0.000000000
46 5 0.000000000
47 5 0.000000000
48 5 0.000000000
55 5 -0.000000000
56 5 0.000000000
57 5 0.000000000
58 5 -45227.502258441
59 5 22254.269723224
60 5 -42646.482421126
61 5 -0.000000000
62 5 0.000000000
63 5 0.000000000
64 5 -13053.730211693
65 5 6944.424510070
66 5 -32452.481943151
67 5 -0.000000000
68 5 0.000000000
69 5 -0.000000000
70 5 4831.517357372
71 5 -1881.936618800
72 5 -14587.330701359
73 5 0.000000000
74 5 0.000000000
75 5 0.000000000
76 5 0.000000000
77 5 0.000000000
78 5 0.000000000
79 5 176639415012930976.000000000
80 5 -13412456144703811584.000000000
81 5 1788869348383944192.000000000
82 5 -182713045654657410318910217598795776.000000000
83 5 71169023293560164189559332557291520.000000000
84 5 551647737816874413418650365444751360.000000000
85 5 0.000000000
86 5 -0.000000000
87 5 -0.000000000
88 5 312.983656057
89 5 -154.004142459
90 5 295.122465748
91 5 0.000000000
92 5 0.000000000
93 5 0.000000000
94 5 0.000000000
95 5 0.000000000
96 5 0.000000000
97 5 0.000000000
98 5 0.000000000
99 5 0.000000000
100 5 0.000000000
101 5 0.000000000
102 5 0.000000000
103 5 0.000000000
104 5 -0.000000000
105 5 0.000000000
106 5 -0.000000338
107 5 0.000000132
108 5 0.000001021
109 5 0.000000000
110 5 0.000000000
111 5 0.000000000
112 5 0.000000000
113 5 0.000000000
114 5 0.000000000
115 5 0.000000000
116 5 0.000000000
117 5 0.000000000
118 5 0.000000000
119 5 0.000000000
120 5 0.000000000
121 5 0.000000000
122 5 0.000000000
123 5 0.000000000
124 5 0.000000000
125 5 0.000000000
126 5 0.000000000
127 5 -0.000000000
128 5 0.000000000
129 5 0.000000000
130 5 -0.009344191
131 5 0.005015420
132 5 -0.024946893
133 5 0.000000000
134 5 0.000000000
135 5 0.000000000
136 5 0.000000000
137 5 0.000000000
138 5 0.000000000
139 5 0.000000000
140 5 0.000000000
141 5 0.000000000
142 5 0.000000000
143 5 0.000000000
144 5 0.000000000
145 5 0.000000000
146 5 0.000000000
147 5 0.000000000
148 5 0.000000000
149 5 0.000000000
150 5 0.000000000
151 5 0.000000000
152 5 0.000000000
153 5 0.000000000
154 5 0.000000000
155 5 0.000000000
156 5 0.000000000
157 5 0.000000000
158 5 0.000000000
159 5 0.000000000
160 5 0.000000000
161 5 0.000000000
162 5 0.000000000
163 5 0.000000000
164 5 0.000000000
165 5 0.000000000
166 5 0.000000000
167 5 0.000000000
168 5 0.000000000
169 5 0.000000000
170 5 0.000000000
171 5 0.000000000
172 5 0.000000000
173 5 0.000000000
174 5 0.000000000
175 5 0.000000000
176 5 0.000000000
177 5 0.000000000
178 5 0.000000000
179 5 0.000000000
180 5 0.000000000
181 5 0.000000000
182 5 -0.000000000
183 5 -0.000000000
184 5 24545.459137678
185 5 -12077.635086034
186 5 23144.711499916
187 5 0.000000000
188 5 -0.000000000
189 5 -0.000000000
190 5 1301.971678910
191 5 -640.637388041
192 5 1227.671428773
193 5 -0.000000000
194 5 0.000000000
195 5 0.000000000
196 5 -58861.228628878
197 5 28962.768066700
198 5 -55502.166307201
199 5 3996999998703.087890625
200 5 -3637875234685.397460938
201 5 -6137260761061.110351562
202 5 516931479868439490932749893632.000000000
203 5 -254357017455464707206494027776.000000000
204 5 487431500045338829924278992896.000000000
205 5 -0.000000000
206 5 0.000000000
207 5 -0.000000000
208 5 77264.529207704
209 5 -30095.503357447
210 5 -233277.282408593
211 5 0.000000000
212 5 0.000000000
213 5 0.000000000
214 5 0.000000000
215 5 0.000000000
216 5 0.000000000
217 5 104332182505591.640625000
218 5 -7922075728313762.000000000
219 5 1056596815159230.625000000
220 5 -107919576296143801678822484475904.000000000
221 5 42036028745140797671423038455808.000000000
222 5 325831086207421983156506745372672.000000000
223 5 0.000000000
224 5 0.000000000
225 5 0.000000000
226 5 0.000000000
227 5 0.000000000
228 5 0.000000000
229 5 0.000000000
230 5 0.000000000
231 5 0.000000000
232 5 0.000000000
233 5 0.000000000
234 5 0.000000000
235 5 0.000000000
236 5 0.000000000
237 5 0.000000000
238 5 0.000000000
239 5 0.000000000
240 5 0.000000000
241 5 0.000000000
242 5 0.000000000
243 5 0.000000000
244 5 0.000000000
245 5 0.000000000
246 5 0.000000000
247 5 1995022389221660672.000000000
248 5 -1815772465535969024.000000000
249 5 -3063290625664573952.000000000
250 5 258015981077219661889984496389849088.000000000
251 5 -126957204114072845145922106787102720.000000000
252 5 243291657772799058176284753269882880.000000000
253 5 0.000000000
254 5 0.000000000
255 5 0.000000000
256 5 0.000000000
257 5 0.000000000
258 5 0.000000000
259 5 -0.000000000
260 5 0.000000000
261 5 -0.000000000
262 5 6814.234433048
263 5 -2654.229791615
264 5 -20573.555634607
265 5 0.000000000
266 5 0.000000000
267 5 0.000000000
268 5 0.000000000
269 5 0.000000000
270 5 0.000000000
271 5 -0.000000000
272 5 0.000000000
273 5 -0.000000000
274 5 0.001164481
275 5 -0.000453580
276 5 -0.003515804
277 5 0.000000000
278 5 0.000000000
279 5 0.000000000
280 5 0.000000000
281 5 0.000000000
282 5 0.000000000
283 5 0.000000000
284 5 0.000000000
285 5 0.000000000
286 5 0.000000000
287 5 0.000000000
288 5 0.000000000
289 5 0.000000000
290 5 0.000000000
291 5 0.000000000
292 5 0.000000000
293 5 0.000000000
294 5 0.000000000
295 5 0.000000000
296 5 0.000000000
297 5 0.000000000
298 5 0.000000000
299 5 0.000000000
300 5 0.000000000
301 5 0.000000000
302 5 0.000000000
303 5 0.000000000
304 5 0.000000000
305 5 0.000000000
306 5 0.000000000
307 5 0.000000000
308 5 0.000000000
309 5 0.000000000
310 5 0.000000000
311 5 0.000000000
312 5 0.000000000
313 5 -0.000000000
314 5 0.000000000
315 5 0.000000000
316 5 -375.529662611
317 5 184.780011796
318 5 -354.099128969
319 5 0.000000000
320 5 0.000000000
321 5 0.000000000
322 5 0.000000000
323 5 0.000000000
324 5 0.000000000
325 5 -0.000000000
326 5 0.000000000
327 5 0.000000000
328 5 -326.040967317
329 5 160.429014762
330 5 -307.434629084
331 5 80114064660110564017080524792310873654187219148597519974400.000000000
332 5 -6083163141980724933036556283950003405167492029328270691401728.000000000
333 5 811334178356681127887022388567435514601018083821678497890304.000000000
334 5 -82868734323827917650074399845032025929923972710577453891577404075795611123712.000000000
335 5 32278411551124095621108390814315105188873351127677290995673375999883980308480.000000000
336 5 250197514149543027956487755783072979563823165038741891229847871763284485996544.000000000
1 6 529641735458654754725918480668404417535612136646197624831837392704359714900645599925698477839764227352769138045412716786275531690794518162417676453257131142631835478103626149265408.000000000
2 6 5335229161802892213293668509104399981771526569243418949893194716671584745665928263504133662969323541600836413102756326128826888738857898823457915863382141522316336486704241969201152.000000000
3 6 -24592742427167716793611209132030892825842988542854696760710657230433116587923877436835109011122109338636366235925004933268963477536539211622785502321315923509908526711439360.000000000
4 6 168274846974868224633639352079599765004233556228780591598793259332026460847759136307077095567794252024230655919566880768.000000000
5 6 -2852692938426149402324130594587163932585280634618086111268904681526755028439580568790804294046482787899462586151731200.000000000
6 6 239401608453437027313082657387755499005033484631771069826822342355059984881718668425593685570072231574337773999447080960.000000000
7 6 -0.000000000
8 6 0.000000000
9 6 0.000000000
10 6 0.000000000
11 6 0.000000000
12 6 0.000000000
13 6 0.000000000
14 6 0.000000000
15 6 -0.000000000
16 6 -0.000000000
17 6 0.000000000
18 6 0.000000000
19 6 0.000000000
20 6 0.000000000
21 6 0.000000000
22 6 0.000000000
23 6 0.000000000
24 6 0.000000000
25 6 0.000000000
26 6 0.000000000
27 6 0.000000000
28 6 0.000000000
29 6 0.000000000
30 6 0.000000000
31 6 0.000000000
32 6 0.000000000
33 6 0.000000000
34 6 0.000000000
35 6 0.000000000
36 6 0.000000000
37 6 985360984854179.250000000
38 6 -74819716738143312.000000000
39 6 9978984943819130.000000000
40 6 -1019241977215561088624458050043904.000000000
41 6 397007535823863352326084144136192.000000000
42 6 3077298224680051823539947785158656.000000000
43 6 0.000000000
44 6 0.000000000
45 6 0.000000000
46 6 0.000000000
47 6 0.000000000
48 6 0.000000000
55 6 0.000000000
56 6 -0.000000000
57 6 -0.000000000
58 6 33717.982942972
59 6 -16590.991088744
60 6 31793.782434335
61 6 -0.000000000
62 6 0.000000000
63 6 0.000000000
64 6 -11183.535280788
65 6 5862.132502170
66 6 -24427.004360609
67 6 -0.000000000
68 6 0.000000000
69 6 -0.000000000
70 6 21719.068644789
71 6 -8459.849688111
72 6 -65574.272720695
73 6 0.000000000
74 6 0.000000000
75 6 0.000000000
76 6 0.000000000
77 6 0.000000000
78 6 0.000000000
79 6 -312175696635518592.000000000
80 6 23703898930257100800.000000000
81 6 -3161477493462050816.000000000
82 6 322909653587023298639628257728659456.000000000
83 6 -125777360754450926940182422094872576.000000000
84 6 -974929728100514240771618728411398144.000000000
85 6 -0.000000000
86 6 0.000000000
87 6 0.000000000
88 6 -553.137536478
89 6 272.172269441
90 6 -521.571368038
91 6 0.000000000
92 6 0.000000000
93 6 0.000000000
94 6 0.000000000
95 6 0.000000000
96 6 0.000000000
97 6 0.000000000
98 6 0.000000000
99 6 0.000000000
100 6 0.000000000
101 6 0.000000000
102 6 0.000000000
103 6 -0.000000000
104 6 0.000000000
105 6 -0.000000000
106 6 0.000000598
107 6 -0.000000233
108 6 -0.000001805
109 6 0.000000000
110 6 0.000000000
111 6 0.000000000
112 6 0.000000000
113 6 0.000000000
114 6 0.000000000
115 6 0.000000000
116 6 0.000000000
117 6 0.000000000
118 6 0.000000000
119 6 0.000000000
120 6 0.000000000
121 6 0.000000000
122 6 0.000000000
123 6 0.000000000
124 6 0.000000000
125 6 0.000000000
126 6 0.000000000
127 6 0.000000000
128 6 -0.000000000
129 6 0.000000000
130 6 -0.001723665
131 6 0.000520223
132 6 0.011045182
133 6 0.000000000
134 6 0.000000000
135 6 0.000000000
136 6 0.000000000
137 6 0.000000000
138 6 0.000000000
139 6 0.000000000
140 6 0.000000000
141 6 0.000000000
142 6 0.000000000
143 6 0.000000000
144 6 0.000000000
145 6 0.000000000
146 6 0.000000000
147 6 0.000000000
148 6 0.000000000
149 6 0.000000000
150 6 0.000000000
151 6 0.000000000
152 6 0.000000000
153 6 0.000000000
154 6 0.000000000
155 6 0.000000000
156 6 0.000000000
157 6 0.000000000
158 6 0.000000000
159 6 0.000000000
160 6 0.000000000
161 6 0.000000000
162 6 0.000000000
163 6 0.000000000
164 6 0.000000000
165 6 0.000000000
166 6 0.000000000
167 6 0.000000000
168 6 0.000000000
169 6 0.000000000
170 6 0.000000000
171 6 0.000000000
172 6 0.000000000
173 6 0.000000000
174 6 0.000000000
175 6 0.000000000
176 6 0.000000000
177 6 0.000000000
178 6 0.000000000
179 6 0.000000000
180 6 0.000000000
181 6 0.000000000
182 6 -0.000000000
183 6 -0.000000000
184 6 4211.063353472
185 6 -2072.060914491
186 6 3970.748555865
187 6 -0.000000000
188 6 0.000000000
189 6 0.000000000
190 6 -2300.980875835
191 6 1132.201569439
192 6 -2169.669682661
193 6 0.000000000
194 6 -0.000000000
195 6 -0.000000000
196 6 30679.217284694
197 6 -15095.761257157
198 6 28928.431491735
199 6 -546264427003.500122070
200 6 497183345316.598754883
201 6 838770886689.998657227
202 6 -70648305914943477386439557120.000000000
203 6 34762619574609147400504213504.000000000
204 6 -66616584729076661821514973184.000000000
205 6 -0.000000000
206 6 0.000000000
207 6 -0.000000000
208 6 58646.158145442
209 6 -22843.414273875
210 6 -177064.644490311
211 6 0.000000000
212 6 0.000000000
213 6 0.000000000
214 6 0.000000000
215 6 0.000000000
216 6 0.000000000
217 6 -184386773205758.437500000
218 6 14000722936636990.000000000
219 6 -1867328686584796.750000000
220 6 190726791686852081301233111924736.000000000
221 6 -74290477900101567205071977971712.000000000
222 6 -575842862222248120505107973406720.000000000
223 6 0.000000000
224 6 0.000000000
225 6 0.000000000
226 6 0.000000000
227 6 0.000000000
228 6 0.000000000
229 6 0.000000000
230 6 0.000000000
231 6 0.000000000
232 6 0.000000000
233 6 0.000000000
234 6 0.000000000
235 6 0.000000000
236 6 0.000000000
237 6 0.000000000
238 6 0.000000000
239 6 0.000000000
240 6 0.000000000
241 6 0.000000000
242 6 0.000000000
243 6 0.000000000
244 6 0.000000000
245 6 0.000000000
246 6 0.000000000
247 6 -1487211287038640896.000000000
248 6 1353587468505867520.000000000
249 6 2283563542234431744.000000000
250 6 -192340838562767157080612157230415872.000000000
251 6 94641638083561065831089752462327808.000000000
252 6 -181364430513089181317982670899118080.000000000
253 6 0.000000000
254 6 0.000000000
255 6 0.000000000
256 6 0.000000000
257 6 0.000000000
258 6 0.000000000
259 6 -0.000000000
260 6 0.000000000
261 6 -0.000000000
262 6 22918.175647103
263 6 -8926.916907496
264 6 -69194.619931574
265 6 0.000000000
266 6 0.000000000
267 6 0.000000000
268 6 0.000000000
269 6 0.000000000
270 6 0.000000000
271 6 0.000000000
272 6 -0.000000000
273 6 0.000000000
274 6 -0.002057993
275 6 0.000801614
276 6 0.006213497
277 6 0.000000000
278 6 0.000000000
279 6 0.000000000
280 6 0.000000000
281 6 0.000000000
282 6 0.000000000
283 6 0.000000000
284 6 0.000000000
285 6 0.000000000
286 6 0.000000000
287 6 0.000000000
288 6 0.000000000
289 6 0.000000000
290 6 0.000000000
291 6 0.000000000
292 6 0.000000000
293 6 0.000000000
294 6 0.000000000
295 6 0.000000000
296 6 0.000000000
297 6 0.000000000
298 6 0.000000000
299 6 0.000000000
300 6 0.000000000
301 6 0.000000000
302 6 0.000000000
303 6 0.000000000
304 6 0.000000000
305 6 0.000000000
306 6 0.000000000
307 6 0.000000000
308 6 0.000000000
309 6 0.000000000
310 6 0.000000000
311 6 0.000000000
312 6 0.000000000
313 6 0.000000000
314 6 -0.000000000
315 6 -0.000000000
316 6 663.675397840
317 6 -326.562612894
318 6 625.801111580
319 6 0.000000000
320 6 0.000000000
321 6 0.000000000
322 6 0.000000000
323 6 0.000000000
324 6 0.000000000
325 6 0.000000000
326 6 -0.000000000
327 6 -0.000000000
328 6 576.213786127
329 6 -283.526977489
330 6 543.330714140
331 6 -6723273886587511359136582394863797453764066842622403320741888.000000000
332 6 510506763997638944269573702201846700173396363518169815206330368.000000000
333 6 -68088192975651234705955765949207111150476803550316699335000064.000000000
334 6 6954449257539163674805157612644026698901464063625234293475962958801899175804928.000000000
335 6 -2708845224654437511330575506193041722662469490582773754130014628838065599152128.000000000
336 6 -20996892624376931716911072230623904701034635526493368600825091701381357700644864.000000000
1 7 0.000000000
2 7 -0.000000000
3 7 -0.000000000
4 7 -0.000000000
5 7 -0.000000000
6 7 -0.000000000
7 7 13832093589834669223155380483765786882958061927302169397273772452246932083412821743017934617193851177292900345871576596480.000000000
8 7 2224455790047441643968723069997436896837580777123119127641658340546512069981908145491631293274703039353646269237689319424.000000000
9 7 -10253629362714348559570042765512280424148267804978874306169438886666984306763436340057482981442685989449619210240.000000000
10 7 565446411777173761864770978202185705474877201406988707168256.000000000
11 7 253519728565548983821593201225378267270770457868390161711104.000000000
12 7 -448047158896129182663301962460767537724398859356673125908480.000000000
13 7 0.000000000
14 7 0.000000000
15 7 0.000000000
16 7 0.000000000
17 7 -0.000000000
18 7 -0.000000000
19 7 0.000000000
20 7 0.000000000
21 7 0.000000000
22 7 0.000000000
23 7 0.000000000
24 7 0.000000000
25 7 532.305911367
26 7 3826.361740078
27 7 -9656.073471064
28 7 -5259184164063.333007812
29 7 14064208621561.251953125
30 7 5283229783554.221679688
31 7 0.000000000
32 7 0.000000000
33 7 0.000000000
34 7 0.000000000
35 7 0.000000000
36 7 0.000000000
37 7 0.000000000
38 7 0.000000000
39 7 0.000000000
40 7 0.000000000
41 7 0.000000000
42 7 0.000000000
43 7 1592.024336287
44 7 -9899.513312904
45 7 -8848.575620867
46 7 18053146996370.714843750
47 7 14772068904157.593750000
48 7 -13278435812198.867187500
49 7 0.000000000
50 7 0.000000000
51 7 0.000000000
52 7 0.000000000
53 7 0.000000000
54 7 0.000000000
55 7 2632.699558190
56 7 18924.570716699
57 7 -47757.388783919
58 7 -26011080338406.062500000
59 7 69559317365469.515625000
60 7 26130006111083.511718750
61 7 -109024209288112478505959746843967488.000000000
62 7 -783696093269084127792672758002876416.000000000
63 7 1977708217268214042411369795361439744.000000000
64 7 1077159548191448780869329636784954565122326528.000000000
65 7 -2880560203232457297254981673176799389656547328.000000000
66 7 -1082084450575315380815317728150766514562138112.000000000
67 7 0.000000000
68 7 0.000000000
69 7 0.000000000
70 7 0.000000000
71 7 0.000000000
72 7 0.000000000
79 7 0.000000000
80 7 0.000000000
81 7 0.000000000
82 7 0.000000000
83 7 0.000000000
84 7 0.000000000
85 7 16.056083420
86 7 -99.839812712
87 7 -89.240764150
88 7 182071861314.568939209
89 7 148981121207.717010498
90 7 -133917345499.878890991
91 7 -603.297245609
92 7 3751.418227984
93 7 3353.165638208
94 7 -6841235783418.506835938
95 7 -5597872016583.204101562
96 7 5031860109736.143554688
97 7 -1340458339688869474058557337788812886016.000000000
98 7 -3418778262370985076545845472426545119232.000000000
99 7 18481531259466095585318442756644530028544.000000000
100 7 3403777382615947899520310687287254973525012774912.000000000
101 7 -27467373589932266070367167869446882836160737968128.000000000
102 7 -4834136128679870181416073206716348531474432000000.000000000
103 7 0.000000000
104 7 0.000000000
105 7 0.000000000
106 7 0.000000000
107 7 0.000000000
108 7 0.000000000
115 7 0.000000000
116 7 0.000000000
117 7 0.000000000
118 7 0.000000000
119 7 0.000000000
120 7 0.000000000
127 7 0.000000000
128 7 0.000000000
129 7 0.000000000
130 7 0.000000000
131 7 0.000000000
132 7 0.000000000
133 7 0.000000000
134 7 0.000000000
135 7 0.000000000
136 7 0.000000000
137 7 0.000000000
138 7 0.000000000
139 7 0.000000000
140 7 0.000000000
141 7 0.000000000
142 7 0.000000000
143 7 0.000000000
144 7 0.000000000
145 7 0.000000000
146 7 0.000000000
147 7 0.000000000
148 7 0.000000000
149 7 0.000000000
150 7 0.000000000
151 7 0.000000000
152 7 0.000000000
153 7 0.000000000
154 7 0.000000000
155 7 0.000000000
156 7 0.000000000
163 7 0.000000000
164 7 0.000000000
165 7 0.000000000
166 7 0.000000000
167 7 0.000000000
168 7 0.000000000
169 7 411.295114851
170 7 4481.694422320
171 7 -8892.325326225
172 7 -6477669191310.217773438
173 7 12817169293577.339843750
174 7 6160188750336.046875000
175 7 0.000000000
176 7 0.000000000
177 7 0.000000000
178 7 0.000000000
179 7 0.000000000
180 7 0.000000000
181 7 -48.545517240
182 7 301.865356734
183 7 269.819167059
184 7 -550493694586.329345703
185 7 -450443946940.017395020
186 7 404898668916.520446777
187 7 0.000000000
188 7 0.000000000
189 7 0.000000000
190 7 0.000000000
191 7 0.000000000
192 7 0.000000000
193 7 -1354.418293623
194 7 -9735.932342875
195 7 24569.260409290
196 7 13381657218588.451171875
197 7 -35785477928394.265625000
198 7 -13442839757095.919921875
199 7 -526029426257776156599199465472.000000000
200 7 3270952076250528574986321395712.000000000
201 7 2923706033225393685452080283648.000000000
202 7 -5965038561406904195992987265526812114944.000000000
203 7 -4880919690222105728564141542276771872768.000000000
204 7 4387400250541126368557831876679582089216.000000000
205 7 411625495154481151606784.000000000
206 7 2958877615796594979897344.000000000
207 7 -7466920691465890245378048.000000000
208 7 -4066861252925657834977560016977920.000000000
209 7 10875676399949253085424021823029248.000000000
210 7 4085455429352926207852434084069376.000000000
217 7 0.000000000
218 7 0.000000000
219 7 0.000000000
220 7 0.000000000
221 7 0.000000000
222 7 0.000000000
223 7 0.000000000
224 7 0.000000000
225 7 0.000000000
226 7 0.000000000
227 7 0.000000000
228 7 0.000000000
229 7 0.000000000
230 7 0.000000000
231 7 0.000000000
232 7 0.000000000
233 7 0.000000000
234 7 0.000000000
235 7 -63.072013397
236 7 -453.379032206
237 7 1144.131564816
238 7 623151700876.651977539
239 7 -1666443929439.932373047
240 7 -626000825040.579956055
241 7 5531.724683603
242 7 -34397.327289843
243 7 -30745.688405017
244 7 62728336860394.289062500
245 7 51327744383360.757812500
246 7 -46137894671448.773437500
247 7 2634.782075766
248 7 18939.540427543
249 7 -47795.165825810
250 7 -26031655618935.312500000
251 7 69614340165353.171875000
252 7 26150675464258.082031250
253 7 0.000000000
254 7 0.000000000
255 7 0.000000000
256 7 0.000000000
257 7 0.000000000
258 7 0.000000000
259 7 0.000000000
260 7 0.000000000
261 7 0.000000000
262 7 0.000000000
263 7 0.000000000
264 7 0.000000000
265 7 21284664230528537329664.000000000
266 7 153000038366966852878336.000000000
267 7 -386105578067246345879552.000000000
268 7 -210292552962937827807862552788992.000000000
269 7 562368276935635261647140409049088.000000000
270 7 211254035685841260215216948379648.000000000
271 7 0.000000000
272 7 0.000000000
273 7 0.000000000
274 7 0.000000000
275 7 0.000000000
276 7 0.000000000
277 7 1491.036836640
278 7 -9289.700142691
279 7 -8270.249911917
280 7 16936696978034.683593750
281 7 13811823042933.492187500
282 7 -12460863517437.070312500
283 7 0.000000000
284 7 0.000000000
285 7 0.000000000
286 7 0.000000000
287 7 0.000000000
288 7 0.000000000
289 7 0.000000000
290 7 0.000000000
291 7 0.000000000
292 7 0.000000000
293 7 0.000000000
294 7 0.000000000
301 7 603.297155529
302 7 -3751.417667852
303 7 -3353.165137540
304 7 6841234761938.444335938
305 7 5597871180752.538085938
306 7 -5031859358417.969726562
307 7 0.000000000
308 7 0.000000000
309 7 0.000000000
310 7 0.000000000
311 7 0.000000000
312 7 0.000000000
313 7 0.000000000
314 7 0.000000000
315 7 0.000000000
316 7 0.000000000
317 7 0.000000000
318 7 0.000000000
319 7 -0.028982358
320 7 -0.208333182
321 7 0.525742376
322 7 286345789.279757440
323 7 -765751263.447793722
324 7 -287654996.502217472
325 7 -24.594165578
326 7 152.931248603
327 7 136.695984467
328 7 -278891519623.026123047
329 7 -228204243032.241394043
330 7 205130060848.971557617
331 7 -110.700103611
332 7 688.354521005
333 7 615.278432440
334 7 -1255310737056.457275391
335 7 -1027163668896.880493164
336 7 923305119584.920898438
1 8 -0.000000000
2 8 -0.000000000
3 8 0.000000000
4 8 -0.000000000
5 8 0.000000000
6 8 0.000000000
7 8 2224455790047441930656050068756375848190192689883986727212281986581652537180513068856990804335304048105965408003400138752.000000000
8 8 357733522386811236074495989336141014412072372801810253894364210732365713070223790369608624964614377440330724016673259520.000000000
9 8 -1648972735526655775518574852340249389416198834734965892297065323777808783524326500334770968108953676037446696960.000000000
10 8 90932861059216181492960609979858440863210182666729340010496.000000000
11 8 40769867940762563191201954771313028205885758614863851028480.000000000
12 8 -72053111214076333519410745742001683161498390503281641127936.000000000
13 8 0.000000000
14 8 0.000000000
15 8 0.000000000
16 8 0.000000000
17 8 -0.000000000
18 8 -0.000000000
19 8 0.000000000
20 8 0.000000000
21 8 0.000000000
22 8 0.000000000
23 8 0.000000000
24 8 0.000000000
25 8 9181.958380697
26 8 66002.449900791
27 8 -166561.488119870
28 8 -90717779156076.000000000
29 8 242599181153225.187500000
30 8 91132551700751.468750000
31 8 0.000000000
32 8 0.000000000
33 8 0.000000000
34 8 0.000000000
35 8 0.000000000
36 8 0.000000000
37 8 0.000000000
38 8 0.000000000
39 8 0.000000000
40 8 0.000000000
41 8 0.000000000
42 8 0.000000000
43 8 1003.938640019
44 8 -6242.683422411
45 8 -5579.956771039
46 8 11384406274769.876953125
47 8 9315341749426.441406250
48 8 -8373449128283.034179688
49 8 0.000000000
50 8 0.000000000
51 8 0.000000000
52 8 0.000000000
53 8 0.000000000
54 8 0.000000000
55 8 1608.652055777
56 8 11563.434761635
57 8 -29181.081983624
58 8 -15893487629148.728515625
59 8 42502661775557.250000000
60 8 15966154556944.310546875
61 8 -1381124334936039227444896323296296960.000000000
62 8 -9927902735326272932060106011896184832.000000000
63 8 25053710218193971853368505223589396480.000000000
64 8 13645512995049352252023364127418909564665331712.000000000
65 8 -36491085979070131769720665115496944861798465536.000000000
66 8 -13707901913748753780155322594624415960433426432.000000000
67 8 0.000000000
68 8 0.000000000
69 8 0.000000000
70 8 0.000000000
71 8 0.000000000
72 8 0.000000000
79 8 0.000000000
80 8 0.000000000
81 8 0.000000000
82 8 0.000000000
83 8 0.000000000
84 8 0.000000000
85 8 -106.646677755
86 8 663.149539956
87 8 592.749225823
88 8 -1209345929138.181884766
89 8 -989552757631.845458984
90 8 889497121916.394165039
91 8 499.158858075
92 8 -3103.865718717
93 8 -2774.357653854
94 8 5660333221023.037109375
95 8 4631593171996.770507812
96 8 -4163283629503.543457031
97 8 -2783283932990580533010932771007234048.000000000
98 8 -882110252035488494182188945720733597696.000000000
99 8 859575931475012129806723171299065069568.000000000
100 8 1392035137850023718677251230382766495472931569664.000000000
101 8 -1175886401087862889512152257489498673830460129280.000000000
102 8 -1202205625769573230622361376556580701251877994496.000000000
103 8 0.000000000
104 8 0.000000000
105 8 0.000000000
106 8 0.000000000
107 8 0.000000000
108 8 0.000000000
115 8 0.000000000
116 8 0.000000000
117 8 0.000000000
118 8 0.000000000
119 8 0.000000000
120 8 0.000000000
127 8 0.000000000
128 8 0.000000000
129 8 0.000000000
130 8 0.000000000
131 8 0.000000000
132 8 0.000000000
133 8 0.000000000
134 8 0.000000000
135 8 0.000000000
136 8 0.000000000
137 8 0.000000000
138 8 0.000000000
139 8 0.000000000
140 8 0.000000000
141 8 0.000000000
142 8 0.000000000
143 8 0.000000000
144 8 0.000000000
145 8 0.000000000
146 8 0.000000000
147 8 0.000000000
148 8 0.000000000
149 8 0.000000000
150 8 0.000000000
151 8 0.000000000
152 8 0.000000000
153 8 0.000000000
154 8 0.000000000
155 8 0.000000000
156 8 0.000000000
163 8 0.000000000
164 8 0.000000000
165 8 0.000000000
166 8 0.000000000
167 8 0.000000000
168 8 0.000000000
169 8 780.420117394
170 8 -406.441319705
171 8 -8510.551615772
172 8 1812067240252.949707031
173 8 12926802338770.400390625
174 8 -451182608029.160644531
175 8 0.000000000
176 8 0.000000000
177 8 0.000000000
178 8 0.000000000
179 8 0.000000000
180 8 0.000000000
181 8 -1876.905953202
182 8 11670.961961633
183 8 10431.966322138
184 8 -21283631348600.488281250
185 8 -17415427286745.109375000
186 8 15654519002681.910156250
187 8 0.000000000
188 8 0.000000000
189 8 0.000000000
190 8 0.000000000
191 8 0.000000000
192 8 0.000000000
193 8 -1438.595356667
194 8 -10341.020294268
195 8 26096.239328692
196 8 14213326879744.722656250
197 8 -38009544485836.859375000
198 8 -14278311911488.867187500
199 8 -422899101561777229765302812672.000000000
200 8 2629667895461256026888475770880.000000000
201 8 2350500928204467824981046198272.000000000
202 8 -4795567172632188865700306351517817896960.000000000
203 8 -3923994454976752973455700027113463611392.000000000
204 8 3527231617716615195184558818977459994624.000000000
205 8 -1752355531026118528204800.000000000
206 8 -12596414985725383268106240.000000000
207 8 31787874967542996439924736.000000000
208 8 17313278439678553835557551494660096.000000000
209 8 -46299492906650256094049488473161728.000000000
210 8 -17392436821000320136980741899681792.000000000
217 8 0.000000000
218 8 0.000000000
219 8 0.000000000
220 8 0.000000000
221 8 0.000000000
222 8 0.000000000
223 8 0.000000000
224 8 0.000000000
225 8 0.000000000
226 8 0.000000000
227 8 0.000000000
228 8 0.000000000
229 8 0.000000000
230 8 0.000000000
231 8 0.000000000
232 8 0.000000000
233 8 0.000000000
234 8 0.000000000
235 8 -25.234353875
236 8 -181.391497147
237 8 457.753276470
238 8 249315499708.375244141
239 8 -666724170727.320678711
240 8 -250455400014.611450195
241 8 289.996117620
242 8 -1803.251597122
243 8 -1611.817431447
244 8 3288481476342.082519531
245 8 2690814790813.860351562
246 8 -2418741187450.122558594
247 8 1609.637650828
248 8 11570.519490762
249 8 -29198.960759762
250 8 -15903225311511.789062500
251 8 42528702467796.250000000
252 8 15975936761156.675781250
253 8 0.000000000
254 8 0.000000000
255 8 0.000000000
256 8 0.000000000
257 8 0.000000000
258 8 0.000000000
259 8 0.000000000
260 8 0.000000000
261 8 0.000000000
262 8 0.000000000
263 8 0.000000000
264 8 0.000000000
265 8 24586363036910695219200.000000000
266 8 176733560238929910693888.000000000
267 8 -445998668812538523680768.000000000
268 8 -242913348085133038718513206788096.000000000
269 8 649603417156565701958485206368256.000000000
270 8 244023976987848645774311228964864.000000000
271 8 0.000000000
272 8 0.000000000
273 8 0.000000000
274 8 0.000000000
275 8 0.000000000
276 8 0.000000000
277 8 -307.695041298
278 8 1888.074090860
279 8 1733.870295712
280 8 -3449244245030.714843750
281 8 -2887304020550.952636719
282 8 2531982106201.850585938
283 8 0.000000000
284 8 0.000000000
285 8 0.000000000
286 8 0.000000000
287 8 0.000000000
288 8 0.000000000
289 8 0.000000000
290 8 0.000000000
291 8 0.000000000
292 8 0.000000000
293 8 0.000000000
294 8 0.000000000
301 8 -499.158832802
302 8 3103.865561566
303 8 2774.357513386
304 8 -5660332934435.627929688
305 8 -4631592937495.330078125
306 8 4163283418713.007812500
307 8 0.000000000
308 8 0.000000000
309 8 0.000000000
310 8 0.000000000
311 8 0.000000000
312 8 0.000000000
313 8 0.000000000
314 8 0.000000000
315 8 0.000000000
316 8 0.000000000
317 8 0.000000000
318 8 0.000000000
319 8 1289.335286105
320 8 9268.097730148
321 8 -23388.649243995
322 8 -12738636889150.765625000
323 8 34065900940976.234375000
324 8 12796879461746.371093750
325 8 93.369371890
326 8 -580.588700168
327 8 -518.953089478
328 8 1058784691456.231445312
329 8 866355346245.335449219
330 8 -778756444362.120361328
331 8 -17.802618587
332 8 110.700104067
333 8 98.948121096
334 8 -201877121436.346099854
335 8 -165186864574.370605469
336 8 148484494115.230468750
1 9 -0.000000000
2 9 -0.000000000
3 9 0.000000000
4 9 -0.000000000
5 9 0.000000000
6 9 0.000000000
7 9 -10253629362714348559570042765512280424148267804978874306169438886666984306763436340057482981442685989449619210240.000000000
8 9 -1648972735526655775518574852340249389416198834734965892297065323777808783524326500334770968108953676037446696960.000000000
9 9 7600940119808322847475996084523961624565952096564601206635989700418332445851163138902975378174695702528.000000000
10 9 -144565615432399367993559988585920944995285203943424.000000000
11 9 53023425196033812075286998244472369932154318094336.000000000
12 9 -183199000789017265858794977474870231473892695736320.000000000
13 9 0.000000000
14 9 0.000000000
15 9 0.000000000
16 9 0.000000000
17 9 -0.000000000
18 9 -0.000000000
19 9 0.000000000
20 9 0.000000000
21 9 0.000000000
22 9 0.000000000
23 9 0.000000000
24 9 0.000000000
25 9 -10176.720920581
26 9 -73153.077466241
27 9 184606.563266061
28 9 100546036338725.609375000
29 9 -268882090268228.625000000
30 9 -101005744851623.578125000
31 9 0.000000000
32 9 0.000000000
33 9 0.000000000
34 9 0.000000000
35 9 0.000000000
36 9 0.000000000
37 9 0.000000000
38 9 0.000000000
39 9 0.000000000
40 9 0.000000000
41 9 0.000000000
42 9 0.000000000
43 9 0.009643060
44 9 -0.059962398
45 9 -0.053596758
46 9 109349819.106699884
47 9 89475982.377259389
48 9 -80428888.900963977
49 9 0.000000000
50 9 0.000000000
51 9 0.000000000
52 9 0.000000000
53 9 0.000000000
54 9 0.000000000
55 9 261.751095472
56 9 1881.539084482
57 9 -4748.186625468
58 9 -2586101688591.231445312
59 9 6915801487510.127929688
60 9 2597925655052.327148438
61 9 1525543788827133954728783951735816192.000000000
62 9 10966029611416778752035306989647036416.000000000
63 9 -27673491114187578144416487559401570304.000000000
64 9 -15072377676931976490549786565075789996653281280.000000000
65 9 40306834189193703046312217973703055520743555072.000000000
66 9 15141290391744088362773384191654331992453939200.000000000
67 9 0.000000000
68 9 0.000000000
69 9 0.000000000
70 9 0.000000000
71 9 0.000000000
72 9 0.000000000
79 9 0.000000000
80 9 0.000000000
81 9 0.000000000
82 9 0.000000000
83 9 0.000000000
84 9 0.000000000
85 9 -95.709661394
86 9 595.141070112
87 9 531.960571951
88 9 -1085322973232.546997070
89 9 -888070414929.842041016
90 9 798275859520.247314453
91 9 -264.926051931
92 9 1647.361110159
93 9 1472.476362966
94 9 -3004193371713.019531250
95 9 -2458194767775.376953125
96 9 2209641834841.540039062
97 9 -234994146240895761675571805621846016.000000000
98 9 -599341563335769349035693849280774144.000000000
99 9 3239974774701561067164228285968154624.000000000
100 9 596711567483566794529378277828772043818008576.000000000
101 9 -4815271910166435566464956493210998307637166080.000000000
102 9 -847466125542911752697997445550882398457036800.000000000
103 9 0.000000000
104 9 0.000000000
105 9 0.000000000
106 9 0.000000000
107 9 0.000000000
108 9 0.000000000
115 9 0.000000000
116 9 0.000000000
117 9 0.000000000
118 9 0.000000000
119 9 0.000000000
120 9 0.000000000
127 9 0.000000000
128 9 0.000000000
129 9 0.000000000
130 9 0.000000000
131 9 0.000000000
132 9 0.000000000
133 9 0.000000000
134 9 0.000000000
135 9 0.000000000
136 9 0.000000000
137 9 0.000000000
138 9 0.000000000
139 9 0.000000000
140 9 0.000000000
141 9 0.000000000
142 9 0.000000000
143 9 0.000000000
144 9 0.000000000
145 9 0.000000000
146 9 0.000000000
147 9 0.000000000
148 9 0.000000000
149 9 0.000000000
150 9 0.000000000
151 9 0.000000000
152 9 0.000000000
153 9 0.000000000
154 9 0.000000000
155 9 0.000000000
156 9 0.000000000
163 9 0.000000000
164 9 0.000000000
165 9 0.000000000
166 9 0.000000000
167 9 0.000000000
168 9 0.000000000
169 9 0.211371306
170 9 0.024199990
171 9 -2.431047025
172 9 278244614.673655152
173 9 3672836113.788976669
174 9 60753874.234182358
175 9 0.000000000
176 9 0.000000000
177 9 0.000000000
178 9 0.000000000
179 9 0.000000000
180 9 0.000000000
181 9 2086.622436995
182 9 -12975.019365730
183 9 -11597.584286311
184 9 23661762400474.984375000
185 9 19361343739343.046875000
186 9 -17403679995591.382812500
187 9 0.000000000
188 9 0.000000000
189 9 0.000000000
190 9 0.000000000
191 9 0.000000000
192 9 0.000000000
193 9 -644.533488121
194 9 -4633.084522417
195 9 11691.891040391
196 9 6367992993409.017578125
197 9 -17029405924197.298828125
198 9 -6397108219585.439453125
199 9 -136834494765412385921064501248.000000000
200 9 850863188281572441151311446016.000000000
201 9 760535091629906166714371932160.000000000
202 9 -1551668019055521447895590059842006417408.000000000
203 9 -1269659350720062260589518687492676517888.000000000
204 9 1141281583593849331482559278675033849856.000000000
205 9 2039590321707507249053696.000000000
206 9 14661137901652203060330496.000000000
207 9 -36998337942006750802608128.000000000
208 9 -20151159121184815239675655521042432.000000000
209 9 53888606484480426413775879925661696.000000000
210 9 20243292632659717792866868163248128.000000000
217 9 0.000000000
218 9 0.000000000
219 9 0.000000000
220 9 0.000000000
221 9 0.000000000
222 9 0.000000000
223 9 0.000000000
224 9 0.000000000
225 9 0.000000000
226 9 0.000000000
227 9 0.000000000
228 9 0.000000000
229 9 0.000000000
230 9 0.000000000
231 9 0.000000000
232 9 0.000000000
233 9 0.000000000
234 9 0.000000000
235 9 4.390095009
236 9 31.557214033
237 9 -79.636688307
238 9 -43374153197.483062744
239 9 115991971439.472412109
240 9 43572465017.527862549
241 9 -3.220363659
242 9 20.024840190
243 9 17.898992316
244 9 -36518096607.536460876
245 9 -29881097154.067337036
246 9 26859760344.516765594
247 9 261.936118332
248 9 1882.869079844
249 9 -4751.542955528
250 9 -2587929715060.804687500
251 9 6920690030073.343750000
252 9 2599762039477.722656250
253 9 0.000000000
254 9 0.000000000
255 9 0.000000000
256 9 0.000000000
257 9 0.000000000
258 9 0.000000000
259 9 0.000000000
260 9 0.000000000
261 9 0.000000000
262 9 0.000000000
263 9 0.000000000
264 9 0.000000000
265 9 56297081630762205184000.000000000
266 9 404678953643094138945536.000000000
267 9 -1021233739518785624211456.000000000
268 9 -556215352625363617411538500976640.000000000
269 9 1487441495449438761254041329598464.000000000
270 9 558758435793207355918605562675200.000000000
271 9 0.000000000
272 9 0.000000000
273 9 0.000000000
274 9 0.000000000
275 9 0.000000000
276 9 0.000000000
277 9 1691.411840929
278 9 -10456.373348039
279 9 -9458.367913336
280 9 19083386694500.582031250
281 9 15772456882639.587890625
282 9 -14024071888089.552734375
283 9 0.000000000
284 9 0.000000000
285 9 0.000000000
286 9 0.000000000
287 9 0.000000000
288 9 0.000000000
289 9 0.000000000
290 9 0.000000000
291 9 0.000000000
292 9 0.000000000
293 9 0.000000000
294 9 0.000000000
301 9 264.925996502
302 9 -1647.360765490
303 9 -1472.476054887
304 9 3004192743159.578125000
305 9 2458194253458.690429688
306 9 -2209641372528.430664062
307 9 0.000000000
308 9 0.000000000
309 9 0.000000000
310 9 0.000000000
311 9 0.000000000
312 9 0.000000000
313 9 0.000000000
314 9 0.000000000
315 9 0.000000000
316 9 0.000000000
317 9 0.000000000
318 9 0.000000000
319 9 -1922.295430499
320 9 -13817.989865075
321 9 34870.598867339
322 9 18992285208275.476562500
323 9 -50789524199320.570312500
324 9 -19079120209510.304687500
325 9 128.996206971
326 9 -802.123208246
327 9 -716.969374258
328 9 1462783849059.401367188
329 9 1196929477976.240722656
330 9 -1075905572073.457641602
331 9 0.000000082
332 9 -0.000000510
333 9 -0.000000456
334 9 930.552627425
335 9 761.428881847
336 9 -684.439302224
1 10 -0.000000000
2 10 -0.000000000
3 10 0.000000000
4 10 -0.000000000
5 10 0.000000000
6 10 0.000000000
7 10 565445150039707752506373496856349411091759717041580932071424.000000000
8 10 90934354200963964427853637314888456132036895311589432885248.000000000
9 10 26871771077192560023771240411965289945048180326400.000000000
10 10 -122477663807350195157750852412768256.000000000
11 10 -21141461098438093606136247419404288.000000000
12 10 84592220766737093139868578488516608.000000000
13 10 0.000000000
14 10 0.000000000
15 10 0.000000000
16 10 0.000000000
17 10 -0.000000000
18 10 -0.000000000
19 10 0.000000000
20 10 0.000000000
21 10 0.000000000
22 10 0.000000000
23 10 0.000000000
24 10 0.000000000
25 10 -0.000000000
26 10 -0.000000000
27 10 0.000000000
28 10 0.003503244
29 10 -0.009368441
30 10 -0.003519261
31 10 0.000000000
32 10 0.000000000
33 10 0.000000000
34 10 0.000000000
35 10 0.000000000
36 10 0.000000000
37 10 0.000000000
38 10 0.000000000
39 10 0.000000000
40 10 0.000000000
41 10 0.000000000
42 10 0.000000000
43 10 -0.000000000
44 10 0.000000003
45 10 0.000000002
46 10 -4.674820675
47 10 -3.825193089
48 10 3.438420253
49 10 0.000000000
50 10 0.000000000
51 10 0.000000000
52 10 0.000000000
53 10 0.000000000
54 10 0.000000000
55 10 0.000000000
56 10 0.000000000
57 10 -0.000000000
58 10 -0.144266521
59 10 0.385800228
60 10 0.144926125
61 10 1222448935717335808.000000000
62 10 8787300191381301248.000000000
63 10 -22175325289174716416.000000000
64 10 -12077799526200992889921601536.000000000
65 10 32298677309418290123984863232.000000000
66 10 12133020671274923362049064960.000000000
67 10 0.000000000
68 10 0.000000000
69 10 0.000000000
70 10 0.000000000
71 10 0.000000000
72 10 0.000000000
79 10 0.000000000
80 10 0.000000000
81 10 0.000000000
82 10 0.000000000
83 10 0.000000000
84 10 0.000000000
85 10 -0.000000071
86 10 0.000000442
87 10 0.000000395
88 10 -806.104091340
89 10 -659.598306245
90 10 592.905017444
91 10 0.000000132
92 10 -0.000000819
93 10 -0.000000732
94 10 1492.727843318
95 10 1221.431286251
96 10 -1097.929954072
97 10 80731617564526215168.000000000
98 10 250366898915725213696.000000000
99 10 -1154815034620437463040.000000000
100 10 -275377354578280603488754860032.000000000
101 10 1711129746417669250672614178816.000000000
102 10 351726100544578118303243829248.000000000
103 10 0.000000000
104 10 0.000000000
105 10 0.000000000
106 10 0.000000000
107 10 0.000000000
108 10 0.000000000
115 10 0.000000000
116 10 0.000000000
117 10 0.000000000
118 10 0.000000000
119 10 0.000000000
120 10 0.000000000
127 10 0.000000000
128 10 0.000000000
129 10 0.000000000
130 10 0.000000000
131 10 0.000000000
132 10 0.000000000
133 10 0.000000000
134 10 0.000000000
135 10 0.000000000
136 10 0.000000000
137 10 0.000000000
138 10 0.000000000
139 10 0.000000000
140 10 0.000000000
141 10 0.000000000
142 10 0.000000000
143 10 0.000000000
144 10 0.000000000
145 10 0.000000000
146 10 0.000000000
147 10 0.000000000
148 10 0.000000000
149 10 0.000000000
150 10 0.000000000
151 10 0.000000000
152 10 0.000000000
153 10 0.000000000
154 10 0.000000000
155 10 0.000000000
156 10 0.000000000
163 10 0.000000000
164 10 0.000000000
165 10 0.000000000
166 10 0.000000000
167 10 0.000000000
168 10 0.000000000
169 10 0.000000000
170 10 0.000000000
171 10 -0.000000000
172 10 -0.000000000
173 10 0.000000000
174 10 0.000000000
175 10 0.000000000
176 10 0.000000000
177 10 0.000000000
178 10 0.000000000
179 10 0.000000000
180 10 0.000000000
181 10 -0.000000001
182 10 0.000000009
183 10 0.000000008
184 10 -16.966531621
185 10 -13.882940975
186 10 12.479209366
187 10 0.000000000
188 10 0.000000000
189 10 0.000000000
190 10 0.000000000
191 10 0.000000000
192 10 0.000000000
193 10 0.000000000
194 10 0.000000000
195 10 -0.000000000
196 10 -0.001814380
197 10 0.004852048
198 10 0.001822675
199 10 20972669697976540.000000000
200 10 -130412091165971712.000000000
201 10 -116567472973972144.000000000
202 10 237824686679742152221655040.000000000
203 10 194601121868065711004319744.000000000
204 10 -174924617700621103973531648.000000000
205 10 1702076283670.192382812
206 10 12234993885011.693359375
207 10 -30875805241899.789062500
208 10 -16816519309583026487296.000000000
209 10 44971050353132428066816.000000000
210 10 16893406448702906695680.000000000
217 10 0.000000000
218 10 0.000000000
219 10 0.000000000
220 10 0.000000000
221 10 0.000000000
222 10 0.000000000
223 10 0.000000000
224 10 0.000000000
225 10 0.000000000
226 10 0.000000000
227 10 0.000000000
228 10 0.000000000
229 10 0.000000000
230 10 0.000000000
231 10 0.000000000
232 10 0.000000000
233 10 0.000000000
234 10 0.000000000
235 10 0.000000025
236 10 0.000000180
237 10 -0.000000453
238 10 -246.764981802
239 10 659.903528055
240 10 247.893220835
241 10 -0.000000379
242 10 0.000002358
243 10 0.000002107
244 10 -4299.521421978
245 10 -3518.102783583
246 10 3162.380455684
247 10 -0.000000000
248 10 -0.000000000
249 10 0.000000000
250 10 0.000074810
251 10 -0.000200057
252 10 -0.000075152
253 10 0.000000000
254 10 0.000000000
255 10 0.000000000
256 10 0.000000000
257 10 0.000000000
258 10 0.000000000
259 10 0.000000000
260 10 0.000000000
261 10 0.000000000
262 10 0.000000000
263 10 0.000000000
264 10 0.000000000
265 10 26573912773697.519531250
266 10 191020616059546.343750000
267 10 -482052986219096.125000000
268 10 -262550346055259672018944.000000000
269 10 702117044277707525849088.000000000
270 10 263750757663125530476544.000000000
271 10 0.000000000
272 10 0.000000000
273 10 0.000000000
274 10 0.000000000
275 10 0.000000000
276 10 0.000000000
277 10 0.000000333
278 10 -0.000002365
279 10 -0.000001580
280 10 4243.411646261
281 10 2721.565766432
282 10 -3178.937239198
283 10 0.000000000
284 10 0.000000000
285 10 0.000000000
286 10 0.000000000
287 10 0.000000000
288 10 0.000000000
289 10 0.000000000
290 10 0.000000000
291 10 0.000000000
292 10 0.000000000
293 10 0.000000000
294 10 0.000000000
301 10 -0.000000132
302 10 0.000000819
303 10 0.000000732
304 10 -1492.727889999
305 10 -1221.431324447
306 10 1097.929988406
307 10 0.000000000
308 10 0.000000000
309 10 0.000000000
310 10 0.000000000
311 10 0.000000000
312 10 0.000000000
313 10 0.000000000
314 10 0.000000000
315 10 0.000000000
316 10 0.000000000
317 10 0.000000000
318 10 0.000000000
319 10 -0.000000004
320 10 -0.000000030
321 10 0.000000075
322 10 40.935593692
323 10 -109.470730017
324 10 -41.122756126
325 10 0.000000078
326 10 -0.000000482
327 10 -0.000000431
328 10 879.731200788
329 10 719.844020425
330 10 -647.059168355
331 10 -0.000000000
332 10 0.000000000
333 10 0.000000000
334 10 -0.000000000
335 10 -0.000000000
336 10 0.000000000
1 11 -0.000000000
2 11 0.000000000
3 11 0.000000000
4 11 0.000000000
5 11 0.000000000
6 11 0.000000000
7 11 253521606949561392093816226785257646484271550027725996556288.000000000
8 11 40770930474790143125671507356493254419242599027407547531264.000000000
9 11 -202201567845721756630004261159808726776396256378880.000000000
10 11 -188396504301458807453982479829958656.000000000
11 11 -86167772826677831285603630177058816.000000000
12 11 149503899223661962951231513009586176.000000000
13 11 -0.000000000
14 11 -0.000000000
15 11 -0.000000000
16 11 -0.000000000
17 11 0.000000000
18 11 0.000000000
19 11 0.000000000
20 11 0.000000000
21 11 0.000000000
22 11 0.000000000
23 11 0.000000000
24 11 0.000000000
25 11 0.000000000
26 11 0.000000000
27 11 -0.000000000
28 11 -0.001415619
29 11 0.003785676
30 11 0.001422092
31 11 0.000000000
32 11 0.000000000
33 11 0.000000000
34 11 0.000000000
35 11 0.000000000
36 11 0.000000000
37 11 0.000000000
38 11 0.000000000
39 11 0.000000000
40 11 0.000000000
41 11 0.000000000
42 11 0.000000000
43 11 0.000000000
44 11 -0.000000000
45 11 -0.000000000
46 11 0.257522755
47 11 0.210719155
48 11 -0.189412925
49 11 0.000000000
50 11 0.000000000
51 11 0.000000000
52 11 0.000000000
53 11 0.000000000
54 11 0.000000000
55 11 -0.000000000
56 11 -0.000000000
57 11 0.000000000
58 11 0.010296288
59 11 -0.027534525
60 11 -0.010343363
61 11 -479820631177180032.000000000
62 11 -3449083066768576512.000000000
63 11 8703986126477678592.000000000
64 11 4740629422277326334890868736.000000000
65 11 -12677479835752107201500545024.000000000
66 11 -4762304147420877768169095168.000000000
67 11 0.000000000
68 11 0.000000000
69 11 0.000000000
70 11 0.000000000
71 11 0.000000000
72 11 0.000000000
79 11 0.000000000
80 11 0.000000000
81 11 0.000000000
82 11 0.000000000
83 11 0.000000000
84 11 0.000000000
85 11 -0.000000021
86 11 0.000000130
87 11 0.000000116
88 11 -236.607663109
89 11 -193.605286846
90 11 174.029473526
91 11 0.000000025
92 11 -0.000000158
93 11 -0.000000141
94 11 288.578427195
95 11 236.130598816
96 11 -212.254967129
97 11 57140333470079746048.000000000
98 11 79538182938267844608.000000000
99 11 -725695873977991036928.000000000
100 11 -40319965065612502616483299328.000000000
101 11 1086221740009705332531993247744.000000000
102 11 115878028571532103476364443648.000000000
103 11 0.000000000
104 11 0.000000000
105 11 0.000000000
106 11 0.000000000
107 11 0.000000000
108 11 0.000000000
115 11 0.000000000
116 11 0.000000000
117 11 0.000000000
118 11 0.000000000
119 11 0.000000000
120 11 0.000000000
127 11 0.000000000
128 11 0.000000000
129 11 0.000000000
130 11 0.000000000
131 11 0.000000000
132 11 0.000000000
133 11 0.000000000
134 11 0.000000000
135 11 0.000000000
136 11 0.000000000
137 11 0.000000000
138 11 0.000000000
139 11 0.000000000
140 11 0.000000000
141 11 0.000000000
142 11 0.000000000
143 11 0.000000000
144 11 0.000000000
145 11 0.000000000
146 11 0.000000000
147 11 0.000000000
148 11 0.000000000
149 11 0.000000000
150 11 0.000000000
151 11 0.000000000
152 11 0.000000000
153 11 0.000000000
154 11 0.000000000
155 11 0.000000000
156 11 0.000000000
163 11 0.000000000
164 11 0.000000000
165 11 0.000000000
166 11 0.000000000
167 11 0.000000000
168 11 0.000000000
169 11 -0.000000000
170 11 0.000000000
171 11 0.000000000
172 11 -0.000000000
173 11 -0.000000000
174 11 0.000000000
175 11 0.000000000
176 11 0.000000000
177 11 0.000000000
178 11 0.000000000
179 11 0.000000000
180 11 0.000000000
181 11 0.000000001
182 11 -0.000000004
183 11 -0.000000004
184 11 7.164924986
185 11 5.862732166
186 11 -5.269939725
187 11 0.000000000
188 11 0.000000000
189 11 0.000000000
190 11 0.000000000
191 11 0.000000000
192 11 0.000000000
193 11 -0.000000000
194 11 -0.000000000
195 11 0.000000000
196 11 0.000997870
197 11 -0.002668522
198 11 -0.001002432
199 11 -5942733881721481.000000000
200 11 36953061480434408.000000000
201 11 33030104470482004.000000000
202 11 -67389075582392752987439104.000000000
203 11 -55141414850868592645242880.000000000
204 11 49565957378185043464159232.000000000
205 11 -1013045045413.495117188
206 11 -7282047258862.565429688
207 11 18376721315928.625000000
208 11 10008888397727338070016.000000000
209 11 -26765956487593735487488.000000000
210 11 -10054650233485638238208.000000000
217 11 0.000000000
218 11 0.000000000
219 11 0.000000000
220 11 0.000000000
221 11 0.000000000
222 11 0.000000000
223 11 0.000000000
224 11 0.000000000
225 11 0.000000000
226 11 0.000000000
227 11 0.000000000
228 11 0.000000000
229 11 0.000000000
230 11 0.000000000
231 11 0.000000000
232 11 0.000000000
233 11 0.000000000
234 11 0.000000000
235 11 -0.000000006
236 11 -0.000000040
237 11 0.000000101
238 11 54.887425579
239 11 -146.780979705
240 11 -55.138377459
241 11 0.000000021
242 11 -0.000000131
243 11 -0.000000117
244 11 238.106769195
245 11 194.831937158
246 11 -175.132094800
247 11 0.000000000
248 11 0.000000000
249 11 -0.000000000
250 11 -0.000005333
251 11 0.000014261
252 11 0.000005357
253 11 0.000000000
254 11 0.000000000
255 11 0.000000000
256 11 0.000000000
257 11 0.000000000
258 11 0.000000000
259 11 0.000000000
260 11 0.000000000
261 11 0.000000000
262 11 0.000000000
263 11 0.000000000
264 11 0.000000000
265 11 -5608968105683.542968750
266 11 -40318810110135.593750000
267 11 101747147587111.109375000
268 11 55416623426931812990976.000000000
269 11 -148196170482970349535232.000000000
270 11 -55669994862277088509952.000000000
271 11 0.000000000
272 11 0.000000000
273 11 0.000000000
274 11 0.000000000
275 11 0.000000000
276 11 0.000000000
277 11 0.000000125
278 11 -0.000000905
279 11 -0.000000572
280 11 1620.111449713
281 11 992.659403676
282 11 -1217.276988854
283 11 0.000000000
284 11 0.000000000
285 11 0.000000000
286 11 0.000000000
287 11 0.000000000
288 11 0.000000000
289 11 0.000000000
290 11 0.000000000
291 11 0.000000000
292 11 0.000000000
293 11 0.000000000
294 11 0.000000000
301 11 -0.000000025
302 11 0.000000158
303 11 0.000000141
304 11 -288.578269965
305 11 -236.130470162
306 11 212.254851483
307 11 0.000000000
308 11 0.000000000
309 11 0.000000000
310 11 0.000000000
311 11 0.000000000
312 11 0.000000000
313 11 0.000000000
314 11 0.000000000
315 11 0.000000000
316 11 0.000000000
317 11 0.000000000
318 11 0.000000000
319 11 0.000000001
320 11 0.000000009
321 11 -0.000000022
322 11 -11.976518163
323 11 32.027828794
324 11 12.031276237
325 11 0.000000023
326 11 -0.000000145
327 11 -0.000000130
328 11 264.876646653
329 11 216.736510053
330 11 -194.821853023
331 11 -0.000000000
332 11 0.000000000
333 11 0.000000000
334 11 -0.000000000
335 11 -0.000000000
336 11 0.000000000
1 12 -0.000000000
2 12 0.000000000
3 12 0.000000000
4 12 0.000000000
5 12 0.000000000
6 12 0.000000000
7 12 -448047074766107455419666900710643924647561434677178282278912.000000000
8 12 -72054441227252033834754828682390390521963852604386263957504.000000000
9 12 -194629587364226144306254632623264124022018709389312.000000000
10 12 146908453031094845159771394881355776.000000000
11 12 45579756427911413696438629199511552.000000000
12 12 -109011703216089789137485609754951680.000000000
13 12 -0.000000000
14 12 -0.000000000
15 12 -0.000000000
16 12 -0.000000000
17 12 0.000000000
18 12 0.000000000
19 12 0.000000000
20 12 0.000000000
21 12 0.000000000
22 12 0.000000000
23 12 0.000000000
24 12 0.000000000
25 12 -0.000000000
26 12 -0.000000000
27 12 0.000000000
28 12 0.002501831
29 12 -0.006690444
30 12 -0.002513270
31 12 0.000000000
32 12 0.000000000
33 12 0.000000000
34 12 0.000000000
35 12 0.000000000
36 12 0.000000000
37 12 0.000000000
38 12 0.000000000
39 12 0.000000000
40 12 0.000000000
41 12 0.000000000
42 12 0.000000000
43 12 0.000000000
44 12 -0.000000002
45 12 -0.000000001
46 12 2.822554582
47 12 2.309568009
48 12 -2.076043022
49 12 0.000000000
50 12 0.000000000
51 12 0.000000000
52 12 0.000000000
53 12 0.000000000
54 12 0.000000000
55 12 -0.000000000
56 12 -0.000000000
57 12 0.000000000
58 12 0.104907221
59 12 -0.280544851
60 12 -0.105386869
61 12 847989333450097024.000000000
62 12 6095581266748588032.000000000
63 12 -15382596983465703424.000000000
64 12 -8378137417868617146123157504.000000000
65 12 22404971727396943549874307072.000000000
66 12 8416443264955894820222533632.000000000
67 12 0.000000000
68 12 0.000000000
69 12 0.000000000
70 12 0.000000000
71 12 0.000000000
72 12 0.000000000
79 12 0.000000000
80 12 0.000000000
81 12 0.000000000
82 12 0.000000000
83 12 0.000000000
84 12 0.000000000
85 12 0.000000037
86 12 -0.000000229
87 12 -0.000000205
88 12 418.157872947
89 12 342.159564382
90 12 -307.563134362
91 12 -0.000000045
92 12 0.000000280
93 12 0.000000250
94 12 -510.006056898
95 12 -417.314754904
96 12 375.119234985
97 12 -71842837945931874304.000000000
98 12 -186196707644679225344.000000000
99 12 993313565706158342144.000000000
100 12 187120610172475219843861184512.000000000
101 12 -1475924846584060070334327422976.000000000
102 12 -263128462668437362346316267520.000000000
103 12 0.000000000
104 12 0.000000000
105 12 0.000000000
106 12 0.000000000
107 12 0.000000000
108 12 0.000000000
115 12 0.000000000
116 12 0.000000000
117 12 0.000000000
118 12 0.000000000
119 12 0.000000000
120 12 0.000000000
127 12 0.000000000
128 12 0.000000000
129 12 0.000000000
130 12 0.000000000
131 12 0.000000000
132 12 0.000000000
133 12 0.000000000
134 12 0.000000000
135 12 0.000000000
136 12 0.000000000
137 12 0.000000000
138 12 0.000000000
139 12 0.000000000
140 12 0.000000000
141 12 0.000000000
142 12 0.000000000
143 12 0.000000000
144 12 0.000000000
145 12 0.000000000
146 12 0.000000000
147 12 0.000000000
148 12 0.000000000
149 12 0.000000000
150 12 0.000000000
151 12 0.000000000
152 12 0.000000000
153 12 0.000000000
154 12 0.000000000
155 12 0.000000000
156 12 0.000000000
163 12 0.000000000
164 12 0.000000000
165 12 0.000000000
166 12 0.000000000
167 12 0.000000000
168 12 0.000000000
169 12 -0.000000000
170 12 -0.000000000
171 12 0.000000000
172 12 0.000000000
173 12 -0.000000000
174 12 -0.000000000
175 12 0.000000000
176 12 0.000000000
177 12 0.000000000
178 12 0.000000000
179 12 0.000000000
180 12 0.000000000
181 12 -0.000000001
182 12 0.000000007
183 12 0.000000006
184 12 -12.662606750
185 12 -10.361235050
186 12 9.313590089
187 12 0.000000000
188 12 0.000000000
189 12 0.000000000
190 12 0.000000000
191 12 0.000000000
192 12 0.000000000
193 12 -0.000000000
194 12 -0.000000000
195 12 0.000000000
196 12 0.001815553
197 12 -0.004855185
198 12 -0.001823854
199 12 -17785217202839736.000000000
200 12 110591898917242880.000000000
201 12 98851403063305168.000000000
202 12 -201679794213543153766498304.000000000
203 12 -165025400684861633501069312.000000000
204 12 148339356158811261953376256.000000000
205 12 1790359432247.708740234
206 12 12869597511980.970703125
207 12 -32477268894130.121093750
208 12 -17688757109385578151936.000000000
209 12 47303604985438125686784.000000000
210 12 17769632224127787991040.000000000
217 12 0.000000000
218 12 0.000000000
219 12 0.000000000
220 12 0.000000000
221 12 0.000000000
222 12 0.000000000
223 12 0.000000000
224 12 0.000000000
225 12 0.000000000
226 12 0.000000000
227 12 0.000000000
228 12 0.000000000
229 12 0.000000000
230 12 0.000000000
231 12 0.000000000
232 12 0.000000000
233 12 0.000000000
234 12 0.000000000
235 12 -0.000000025
236 12 -0.000000180
237 12 0.000000453
238 12 246.970790794
239 12 -660.453906310
240 12 -248.099970810
241 12 0.000000229
242 12 -0.000001423
243 12 -0.000001272
244 12 2595.153132769
245 12 2123.495748514
246 12 -1908.784895133
247 12 0.000000000
248 12 0.000000000
249 12 -0.000000000
250 12 -0.000054402
251 12 0.000145484
252 12 0.000054651
253 12 0.000000000
254 12 0.000000000
255 12 0.000000000
256 12 0.000000000
257 12 0.000000000
258 12 0.000000000
259 12 0.000000000
260 12 0.000000000
261 12 0.000000000
262 12 0.000000000
263 12 0.000000000
264 12 0.000000000
265 12 9912756593255.156250000
266 12 71255629060622.546875000
267 12 -179818228430829.656250000
268 12 -97938067912103347355648.000000000
269 12 261907812341037448298496.000000000
270 12 98385852481196622086144.000000000
271 12 0.000000000
272 12 0.000000000
273 12 0.000000000
274 12 0.000000000
275 12 0.000000000
276 12 0.000000000
277 12 -0.000000217
278 12 0.000001639
279 12 0.000000935
280 12 -2920.064025908
281 12 -1644.015561380
282 12 2205.182545553
283 12 0.000000000
284 12 0.000000000
285 12 0.000000000
286 12 0.000000000
287 12 0.000000000
288 12 0.000000000
289 12 0.000000000
290 12 0.000000000
291 12 0.000000000
292 12 0.000000000
293 12 0.000000000
294 12 0.000000000
301 12 0.000000045
302 12 -0.000000280
303 12 -0.000000250
304 12 510.005779025
305 12 417.314527533
306 12 -375.119030604
307 12 0.000000000
308 12 0.000000000
309 12 0.000000000
310 12 0.000000000
311 12 0.000000000
312 12 0.000000000
313 12 0.000000000
314 12 0.000000000
315 12 0.000000000
316 12 0.000000000
317 12 0.000000000
318 12 0.000000000
319 12 -0.000000004
320 12 -0.000000026
321 12 0.000000067
322 12 36.378952073
323 12 -97.285273805
324 12 -36.545280996
325 12 -0.000000041
326 12 0.000000257
327 12 0.000000229
328 12 -468.117784954
329 12 -383.039487575
330 12 344.309607699
331 12 0.000000000
332 12 -0.000000000
333 12 -0.000000000
334 12 0.000000000
335 12 0.000000000
336 12 -0.000000000
1 13 -0.000000000
2 13 0.000000000
3 13 0.000000000
4 13 0.000000000
5 13 0.000000000
6 13 0.000000000
7 13 0.000000000
8 13 0.000000000
9 13 0.000000000
10 13 0.000000000
11 13 -0.000000000
12 13 -0.000000000
13 13 1360987086879845888.000000000
14 13 53746762349.666679382
15 13 61523158.922675431
16 13 625156.073912538
17 13 -79717.141551284
18 13 -62493012.938285671
337 13 0.000000000
338 13 0.000000000
339 13 0.000000000
340 13 0.000000000
341 13 0.000000000
342 13 0.000000000
343 13 0.000000000
344 13 0.000000000
345 13 0.000000000
346 13 0.000000000
347 13 0.000000000
348 13 0.000000000
349 13 0.000000000
350 13 0.000000000
351 13 0.000000000
352 13 0.000000000
353 13 0.000000000
354 13 0.000000000
1 14 0.000000000
2 14 -0.000000000
3 14 -0.000000000
4 14 -0.000000000
5 14 -0.000000000
6 14 0.000000000
7 14 0.000000000
8 14 0.000000000
9 14 0.000000000
10 14 0.000000000
11 14 -0.000000000
12 14 -0.000000000
13 14 53746762349.666679382
14 14 1360987251842442240.000000000
15 14 243030297.299142182
16 14 2561311.131323684
17 14 -312591.435967574
18 14 -216070505.371361911
337 14 0.000000000
338 14 0.000000000
339 14 0.000000000
340 14 0.000000000
341 14 0.000000000
342 14 0.000000000
343 14 0.000000000
344 14 0.000000000
345 14 0.000000000
346 14 0.000000000
347 14 0.000000000
348 14 0.000000000
349 14 0.000000000
350 14 0.000000000
351 14 0.000000000
352 14 0.000000000
353 14 0.000000000
354 14 0.000000000
1 15 0.000000000
2 15 0.000000000
3 15 0.000000000
4 15 0.000000000
5 15 -0.000000000
6 15 -0.000000000
7 15 0.000000000
8 15 0.000000000
9 15 0.000000000
10 15 0.000000000
11 15 -0.000000000
12 15 -0.000000000
13 15 61523158.922675423
14 15 243030297.299142122
15 15 1360987070308612352.000000000
16 15 11576.110503595
17 15 25280.245843517
18 15 -312564.637944963
337 15 0.000000000
338 15 0.000000000
339 15 0.000000000
340 15 0.000000000
341 15 0.000000000
342 15 0.000000000
343 15 0.000000000
344 15 0.000000000
345 15 0.000000000
346 15 0.000000000
347 15 0.000000000
348 15 0.000000000
349 15 0.000000000
350 15 0.000000000
351 15 0.000000000
352 15 0.000000000
353 15 0.000000000
354 15 0.000000000
1 16 -0.000000000
2 16 0.000000000
3 16 0.000000000
4 16 0.000000000
5 16 0.000000000
6 16 -0.000000000
7 16 0.000000000
8 16 0.000000000
9 16 0.000000000
10 16 0.000000000
11 16 -0.000000000
12 16 -0.000000000
13 16 625156.073912538
14 16 2561311.131323684
15 16 11576.110503595
16 16 1360987070286595328.000000000
17 16 0.000000000
18 16 -3339.072638671
337 16 0.000000000
338 16 0.000000000
339 16 0.000000000
340 16 0.000000000
341 16 0.000000000
342 16 0.000000000
343 16 0.000000000
344 16 0.000000000
345 16 0.000000000
346 16 0.000000000
347 16 0.000000000
348 16 0.000000000
349 16 0.000000000
350 16 0.000000000
351 16 0.000000000
352 16 0.000000000
353 16 0.000000000
354 16 0.000000000
1 17 -0.000000000
2 17 0.000000000
3 17 0.000000000
4 17 0.000000000
5 17 0.000000000
6 17 0.000000000
7 17 -0.000000000
8 17 -0.000000000
9 17 -0.000000000
10 17 -0.000000000
11 17 0.000000000
12 17 0.000000000
13 17 -79717.141551284
14 17 -312591.435967574
15 17 25280.245843517
16 17 0.000000000
17 17 1360987070286595328.000000000
18 17 401.963822616
337 17 0.000000000
338 17 0.000000000
339 17 0.000000000
340 17 0.000000000
341 17 0.000000000
342 17 0.000000000
343 17 0.000000000
344 17 0.000000000
345 17 0.000000000
346 17 0.000000000
347 17 0.000000000
348 17 0.000000000
349 17 0.000000000
350 17 0.000000000
351 17 0.000000000
352 17 0.000000000
353 17 0.000000000
354 17 0.000000000
1 18 0.000000000
2 18 -0.000000000
3 18 -0.000000000
4 18 -0.000000000
5 18 -0.000000000
6 18 0.000000000
7 18 -0.000000000
8 18 -0.000000000
9 18 -0.000000000
10 18 -0.000000000
11 18 0.000000000
12 18 0.000000000
13 18 -62493012.938285656
14 18 -216070505.371361881
15 18 -312564.637944963
16 18 -3339.072638671
17 18 401.963822616
18 18 1360987070286855680.000000000
337 18 0.000000000
338 18 0.000000000
339 18 0.000000000
340 18 0.000000000
341 18 0.000000000
342 18 0.000000000
343 18 0.000000000
344 18 0.000000000
345 18 0.000000000
346 18 0.000000000
347 18 0.000000000
348 18 0.000000000
349 18 0.000000000
350 18 0.000000000
351 18 0.000000000
352 18 0.000000000
353 18 0.000000000
354 18 0.000000000
1 19 0.000000000
2 19 0.000000000
3 19 0.000000000
4 19 0.000000000
5 19 0.000000000
6 19 0.000000000
7 19 0.000000000
8 19 0.000000000
9 19 0.000000000
10 19 0.000000000
11 19 0.000000000
12 19 0.000000000
19 19 1360987070286595328.000000000
20 19 0.000000000
21 19 0.000000000
22 19 0.000000000
23 19 0.000000000
24 19 0.000000000
1 20 0.000000000
2 20 0.000000000
3 20 0.000000000
4 20 0.000000000
5 20 0.000000000
6 20 0.000000000
7 20 0.000000000
8 20 0.000000000
9 20 0.000000000
10 20 0.000000000
11 20 0.000000000
12 20 0.000000000
19 20 0.000000000
20 20 1360987070286595328.000000000
21 20 0.000000000
22 20 0.000000000
23 20 0.000000000
24 20 0.000000000
1 21 0.000000000
2 21 0.000000000
3 21 0.000000000
4 21 0.000000000
5 21 0.000000000
6 21 0.000000000
7 21 0.000000000
8 21 0.000000000
9 21 0.000000000
10 21 0.000000000
11 21 0.000000000
12 21 0.000000000
19 21 0.000000000
20 21 0.000000000
21 21 1360987070286595328.000000000
22 21 0.000000000
23 21 0.000000000
24 21 0.000000000
1 22 0.000000000
2 22 0.000000000
3 22 0.000000000
4 22 0.000000000
5 22 0.000000000
6 22 0.000000000
7 22 0.000000000
8 22 0.000000000
9 22 0.000000000
10 22 0.000000000
11 22 0.000000000
12 22 0.000000000
19 22 0.000000000
20 22 0.000000000
21 22 0.000000000
22 22 1360987070286595328.000000000
23 22 0.000000000
24 22 0.000000000
1 23 0.000000000
2 23 0.000000000
3 23 0.000000000
4 23 0.000000000
5 23 0.000000000
6 23 0.000000000
7 23 0.000000000
8 23 0.000000000
9 23 0.000000000
10 23 0.000000000
11 23 0.000000000
12 23 0.000000000
19 23 0.000000000
20 23 0.000000000
21 23 0.000000000
22 23 0.000000000
23 23 1360987070286595328.000000000
24 23 0.000000000
1 24 0.000000000
2 24 0.000000000
3 24 0.000000000
4 24 0.000000000
5 24 0.000000000
6 24 0.000000000
7 24 0.000000000
8 24 0.000000000
9 24 0.000000000
10 24 0.000000000
11 24 0.000000000
12 24 0.000000000
19 24 0.000000000
20 24 0.000000000
21 24 0.000000000
22 24 0.000000000
23 24 0.000000000
24 24 1360987070286595328.000000000
1 25 0.000000000
2 25 0.000000000
3 25 0.000000000
4 25 0.000000000
5 25 0.000000000
6 25 0.000000000
7 25 532.305911367
8 25 9181.958380697
9 25 -10176.720920581
10 25 -0.000000000
11 25 0.000000000
12 25 -0.000000000
25 25 1360987070286595328.000000000
26 25 -0.000000000
27 25 -0.000000000
28 25 0.000000006
29 25 0.000000005
30 25 -0.000000005
1 26 0.000000000
2 26 0.000000000
3 26 0.000000000
4 26 0.000000000
5 26 0.000000000
6 26 0.000000000
7 26 3826.361740078
8 26 66002.449900791
9 26 -73153.077466241
10 26 -0.000000000
11 26 0.000000000
12 26 -0.000000000
25 26 0.000000000
26 26 1360987070286595328.000000000
27 26 -0.000000000
28 26 0.000000044
29 26 0.000000036
30 26 -0.000000033
1 27 0.000000000
2 27 0.000000000
3 27 0.000000000
4 27 0.000000000
5 27 0.000000000
6 27 0.000000000
7 27 -9656.073471064
8 27 -166561.488119870
9 27 184606.563266061
10 27 0.000000000
11 27 -0.000000000
12 27 0.000000000
25 27 -0.000000000
26 27 0.000000000
27 27 1360987070286595328.000000000
28 27 -0.000000112
29 27 -0.000000091
30 27 0.000000082
1 28 0.000000000
2 28 0.000000000
3 28 0.000000000
4 28 0.000000000
5 28 0.000000000
6 28 0.000000000
7 28 -5259184164063.333007812
8 28 -90717779156076.000000000
9 28 100546036338725.609375000
10 28 0.003503244
11 28 -0.001415619
12 28 0.002501831
25 28 -0.000000005
26 28 0.000000033
27 28 0.000000030
28 28 1360987070286595328.000000000
29 28 -49.834414719
30 28 44.795558522
1 29 0.000000000
2 29 0.000000000
3 29 0.000000000
4 29 0.000000000
5 29 0.000000000
6 29 0.000000000
7 29 14064208621561.251953125
8 29 242599181153225.187500000
9 29 -268882090268228.625000000
10 29 -0.009368441
11 29 0.003785676
12 29 -0.006690444
25 29 0.000000014
26 29 -0.000000089
27 29 -0.000000080
28 29 162.868792493
29 29 1360987070286595584.000000000
30 29 -119.793120134
1 30 0.000000000
2 30 0.000000000
3 30 0.000000000
4 30 0.000000000
5 30 0.000000000
6 30 0.000000000
7 30 5283229783554.221679688
8 30 91132551700751.468750000
9 30 -101005744851623.578125000
10 30 -0.003519261
11 30 0.001422092
12 30 -0.002513270
25 30 0.000000005
26 30 -0.000000034
27 30 -0.000000030
28 30 61.181775560
29 30 50.062263628
30 30 1360987070286595328.000000000
1 31 0.000000000
2 31 0.000000000
3 31 0.000000000
4 31 0.000000000
5 31 0.000000000
6 31 0.000000000
7 31 0.000000000
8 31 0.000000000
9 31 0.000000000
10 31 0.000000000
11 31 0.000000000
12 31 0.000000000
31 31 1360987070286595328.000000000
32 31 0.000000000
33 31 0.000000000
34 31 0.000000000
35 31 0.000000000
36 31 0.000000000
1 32 0.000000000
2 32 0.000000000
3 32 0.000000000
4 32 0.000000000
5 32 0.000000000
6 32 0.000000000
7 32 0.000000000
8 32 0.000000000
9 32 0.000000000
10 32 0.000000000
11 32 0.000000000
12 32 0.000000000
31 32 2601997.526877925
32 32 1360987070289197312.000000000
33 32 4072126.129563952
34 32 0.000000000
35 32 0.000000000
36 32 0.000000000
1 33 0.000000000
2 33 0.000000000
3 33 0.000000000
4 33 0.000000000
5 33 0.000000000
6 33 0.000000000
7 33 0.000000000
8 33 0.000000000
9 33 0.000000000
10 33 0.000000000
11 33 0.000000000
12 33 0.000000000
31 33 1472296.933958426
32 33 1472296.933958426
33 33 1360987070288899584.000000000
34 33 0.000000000
35 33 0.000000000
36 33 0.000000000
1 34 0.000000000
2 34 0.000000000
3 34 0.000000000
4 34 0.000000000
5 34 0.000000000
6 34 0.000000000
7 34 0.000000000
8 34 0.000000000
9 34 0.000000000
10 34 0.000000000
11 34 0.000000000
12 34 0.000000000
31 34 0.000000000
32 34 0.000000000
33 34 0.000000000
34 34 1360987070286595328.000000000
35 34 0.000000000
36 34 0.000000000
1 35 0.000000000
2 35 0.000000000
3 35 0.000000000
4 35 0.000000000
5 35 0.000000000
6 35 0.000000000
7 35 0.000000000
8 35 0.000000000
9 35 0.000000000
10 35 0.000000000
11 35 0.000000000
12 35 0.000000000
31 35 0.000000000
32 35 0.000000000
33 35 0.000000000
34 35 0.000000000
35 35 1360987070286595328.000000000
36 35 0.000000000
1 36 0.000000000
2 36 0.000000000
3 36 0.000000000
4 36 0.000000000
5 36 0.000000000
6 36 0.000000000
7 36 0.000000000
8 36 0.000000000
9 36 0.000000000
10 36 0.000000000
11 36 0.000000000
12 36 0.000000000
31 36 0.000000000
32 36 0.000000000
33 36 0.000000000
34 36 0.000000000
35 36 0.000000000
36 36 1360987070286595328.000000000
1 37 -2527077340759500573900800.000000000
2 37 861610757479905982982097886773248.000000000
3 37 -683474966009652520756267781718016.000000000
4 37 1965904375299105.000000000
5 37 -557550090596656.312500000
6 37 985360984854179.250000000
7 37 0.000000000
8 37 0.000000000
9 37 0.000000000
10 37 0.000000000
11 37 0.000000000
12 37 0.000000000
37 37 1360987070286605824.000000000
38 37 -9491.641895817
39 37 -16012.831009109
40 37 1348734680289288912896.000000000
41 37 -663647202728769748992.000000000
42 37 1271765783240542257152.000000000
1 38 191884206617929999127150592.000000000
2 38 -65423204088726658931604401510416384.000000000
3 38 51897126170488685510568709957091328.000000000
4 38 -149273627386335808.000000000
5 38 42335489720999416.000000000
6 38 -74819716738143312.000000000
7 38 0.000000000
8 38 0.000000000
9 38 0.000000000
10 38 0.000000000
11 38 0.000000000
12 38 0.000000000
37 38 -791859.970853552
38 38 1360987070287315968.000000000
39 38 1215874.688254035
40 38 -102411145037459081920512.000000000
41 38 50391578807614213980160.000000000
42 38 -96566798484924576825344.000000000
1 39 -25592312992824079434121216.000000000
2 39 8725736972016374091992950995156992.000000000
3 39 -6921713463515043043590548372848640.000000000
4 39 19909180963767400.000000000
5 39 -5646442314044324.000000000
6 39 9978984943819130.000000000
7 39 0.000000000
8 39 0.000000000
9 39 0.000000000
10 39 0.000000000
11 39 0.000000000
12 39 0.000000000
37 39 105613.320542447
38 39 -96124.113930179
39 39 1360987070286433280.000000000
40 39 13658956742442245685248.000000000
41 39 -6720912991108659675136.000000000
42 39 12879474424187608629248.000000000
1 40 2613969240677340765142145927156115817103360.000000000
2 40 -891236679290663588239065696155607713393492055031808.000000000
3 40 706975805253856658953626967490012205984232006221824.000000000
4 40 -2033500710192121876826880735182848.000000000
5 40 576721085441138177509329303764992.000000000
6 40 -1019241977215561088624458050043904.000000000
7 40 0.000000000
8 40 0.000000000
9 40 0.000000000
10 40 0.000000000
11 40 0.000000000
12 40 0.000000000
37 40 -10787222373419785912320.000000000
38 40 9818005788351554125824.000000000
39 40 16563421719967737839616.000000000
40 40 -1395110039272245465530217749862921797632.000000000
41 40 686466277313535669256793121320108818432.000000000
42 40 -1315494617088998509560590450064416047104.000000000
1 41 -1018173809712713306921190318980637898309632.000000000
2 41 347147866542586130413692179252748441838626545860608.000000000
3 41 -275375944677722795275063351138008364315048222392320.000000000
4 41 792074035505221495212092568895488.000000000
5 41 -224640097353669305544822029811712.000000000
6 41 397007535823863352326084144136192.000000000
7 41 0.000000000
8 41 0.000000000
9 41 0.000000000
10 41 0.000000000
11 41 0.000000000
12 41 0.000000000
37 41 4201758432825712312320.000000000
38 41 -3824236414777804455936.000000000
39 41 -6451660536804129374208.000000000
40 41 543412861004515675814041809101397164032.000000000
41 41 -267387226266868480734312070310180945920.000000000
42 41 512401655342739272817414597319688454144.000000000
1 42 -7892103233110280475417978543174832638394368.000000000
2 42 2690824271625213324869245615329674991327290528366592.000000000
3 42 -2134503326033369998681865739485997867625735314735104.000000000
4 42 6139551024433909273539379938197504.000000000
5 42 -1741237912131462597732460010668032.000000000
6 42 3077298224680051823539947785158656.000000000
7 42 0.000000000
8 42 0.000000000
9 42 0.000000000
10 42 0.000000000
11 42 0.000000000
12 42 0.000000000
37 42 32568811922012390817792.000000000
38 42 -29642550501040573120512.000000000
39 42 -50008329123893499396096.000000000
40 42 4212120127562043245248719444348248260608.000000000
41 42 -2072580901986241370937332778804227080192.000000000
42 42 3971745022514890115698818571492831264768.000000000
1 43 0.000000000
2 43 0.000000000
3 43 0.000000000
4 43 0.000000000
5 43 0.000000000
6 43 0.000000000
7 43 1592.024336287
8 43 1003.938640019
9 43 0.009643060
10 43 -0.000000000
11 43 0.000000000
12 43 0.000000000
43 43 1360987070286595328.000000000
44 43 -0.000000000
45 43 -0.000000000
46 43 0.000000004
47 43 0.000000016
48 43 -0.000000002
1 44 0.000000000
2 44 0.000000000
3 44 0.000000000
4 44 0.000000000
5 44 0.000000000
6 44 0.000000000
7 44 -9899.513312904
8 44 -6242.683422411
9 44 -0.059962398
10 44 0.000000003
11 44 -0.000000000
12 44 -0.000000002
43 44 -0.000000000
44 44 1360987070286595328.000000000
45 44 0.000000000
46 44 -0.000000026
47 44 -0.000000100
48 44 0.000000013
1 45 0.000000000
2 45 0.000000000
3 45 0.000000000
4 45 0.000000000
5 45 0.000000000
6 45 0.000000000
7 45 -8848.575620867
8 45 -5579.956771039
9 45 -0.053596758
10 45 0.000000002
11 45 -0.000000000
12 45 -0.000000001
43 45 -0.000000000
44 45 0.000000000
45 45 1360987070286595328.000000000
46 45 -0.000000023
47 45 -0.000000089
48 45 0.000000012
1 46 0.000000000
2 46 0.000000000
3 46 0.000000000
4 46 0.000000000
5 46 0.000000000
6 46 0.000000000
7 46 18053146996370.714843750
8 46 11384406274769.876953125
9 46 109349819.106699884
10 46 -4.674820675
11 46 0.257522755
12 46 2.822554582
43 46 0.000000012
44 46 -0.000000019
45 46 -0.000000118
46 46 1360987070286595328.000000000
47 46 181.710128509
48 46 -24.150940637
1 47 0.000000000
2 47 0.000000000
3 47 0.000000000
4 47 0.000000000
5 47 0.000000000
6 47 0.000000000
7 47 14772068904157.593750000
8 47 9315341749426.441406250
9 47 89475982.377259389
10 47 -3.825193089
11 47 0.210719155
12 47 2.309568009
43 47 0.000000010
44 47 -0.000000015
45 47 -0.000000097
46 47 39.090582837
47 47 1360987070286595584.000000000
48 47 -19.761616037
1 48 0.000000000
2 48 0.000000000
3 48 0.000000000
4 48 0.000000000
5 48 0.000000000
6 48 0.000000000
7 48 -13278435812198.867187500
8 48 -8373449128283.034179688
9 48 -80428888.900963977
10 48 3.438420253
11 48 -0.189412925
12 48 -2.076043022
43 48 -0.000000009
44 48 0.000000014
45 48 0.000000087
46 48 -35.138056722
47 48 -133.651284084
48 48 1360987070286595328.000000000
7 49 0.000000000
8 49 0.000000000
9 49 0.000000000
10 49 0.000000000
11 49 0.000000000
12 49 0.000000000
49 49 1360987070286595328.000000000
50 49 0.000000000
51 49 0.000000000
52 49 0.000000000
53 49 0.000000000
54 49 0.000000000
7 50 0.000000000
8 50 0.000000000
9 50 0.000000000
10 50 0.000000000
11 50 0.000000000
12 50 0.000000000
49 50 0.000000000
50 50 1360987070286595328.000000000
51 50 0.000000000
52 50 0.000000000
53 50 0.000000000
54 50 0.000000000
7 51 0.000000000
8 51 0.000000000
9 51 0.000000000
10 51 0.000000000
11 51 0.000000000
12 51 0.000000000
49 51 0.000000000
50 51 0.000000000
51 51 1360987070286595328.000000000
52 51 0.000000000
53 51 0.000000000
54 51 0.000000000
7 52 0.000000000
8 52 0.000000000
9 52 0.000000000
10 52 0.000000000
11 52 0.000000000
12 52 0.000000000
49 52 0.000000000
50 52 0.000000000
51 52 0.000000000
52 52 1360987070286595328.000000000
53 52 0.000000000
54 52 0.000000000
7 53 0.000000000
8 53 0.000000000
9 53 0.000000000
10 53 0.000000000
11 53 0.000000000
12 53 0.000000000
49 53 0.000000000
50 53 0.000000000
51 53 0.000000000
52 53 0.000000000
53 53 1360987070286595328.000000000
54 53 0.000000000
7 54 0.000000000
8 54 0.000000000
9 54 0.000000000
10 54 0.000000000
11 54 0.000000000
12 54 0.000000000
49 54 0.000000000
50 54 0.000000000
51 54 0.000000000
52 54 0.000000000
53 54 0.000000000
54 54 1360987070286595328.000000000
1 55 -12767.136148097
2 55 321.140236211
3 55 5508.528409827
4 55 -0.000000000
5 55 -0.000000000
6 55 0.000000000
7 55 2632.699558190
8 55 1608.652055777
9 55 261.751095472
10 55 0.000000000
11 55 -0.000000000
12 55 -0.000000000
55 55 1360987070286595328.000000000
56 55 0.000000000
57 55 -0.000000000
58 55 0.000000410
59 55 -0.000000217
60 55 0.000000965
1 56 11620.027126867
2 56 -292.286242820
3 56 -5013.594968270
4 56 0.000000000
5 56 0.000000000
6 56 -0.000000000
7 56 18924.570716699
8 56 11563.434761635
9 56 1881.539084482
10 56 0.000000000
11 56 -0.000000000
12 56 -0.000000000
55 56 0.000000000
56 56 1360987070286595328.000000000
57 56 -0.000000000
58 56 -0.000000373
59 56 0.000000197
60 56 -0.000000878
1 57 19603.513569743
2 57 -493.100167909
3 57 -8458.162439778
4 57 0.000000000
5 57 0.000000000
6 57 -0.000000000
7 57 -47757.388783919
8 57 -29181.081983624
9 57 -4748.186625468
10 57 -0.000000000
11 57 0.000000000
12 57 0.000000000
55 57 -0.000000000
56 57 -0.000000000
57 57 1360987070286595328.000000000
58 57 -0.000000629
59 57 0.000000332
60 57 -0.000001481
1 58 -1651172025233626365952.000000000
2 58 41533024168996356096.000000000
3 58 712417248864985546752.000000000
4 58 -7541.141047310
5 58 -45227.502258441
6 58 33717.982942972
7 58 -26011080338406.062500000
8 58 -15893487629148.728515625
9 58 -2586101688591.231445312
10 58 -0.144266521
11 58 0.010296288
12 58 0.104907221
55 58 0.000000574
56 58 -0.000001892
57 58 -0.000000668
58 58 1360987123256634112.000000000
59 58 -28000194827.230587006
60 58 124762230963.561218262
1 59 812462014793938239488.000000000
2 59 -20436395470092607488.000000000
3 59 -350546123929700139008.000000000
4 59 3710.631330661
5 59 22254.269723224
6 59 -16590.991088744
7 59 69559317365469.515625000
8 59 42502661775557.250000000
9 59 6915801487510.127929688
10 59 0.385800228
11 59 -0.027534525
12 59 -0.280544851
55 59 -0.000000282
56 59 0.000000931
57 59 0.000000329
58 59 -26063998061.289157867
59 59 1360987084064139008.000000000
60 59 -61389468807.466102600
1 60 -1556943789334243835904.000000000
2 60 39162838907132313600.000000000
3 60 671761387719723843584.000000000
4 60 -7110.787088608
5 60 -42646.482421126
6 60 31793.782434335
7 60 26130006111083.511718750
8 60 15966154556944.310546875
9 60 2597925655052.327148438
10 60 0.144926125
11 60 -0.010343363
12 60 -0.105386869
55 60 0.000000541
56 60 -0.000001784
57 60 -0.000000630
58 60 49947171889.679214478
59 60 -26402294109.964473724
60 60 1360987187928959488.000000000
1 61 -20645.521650083
2 61 27768.781162709
3 61 288886.770070421
4 61 0.000000000
5 61 -0.000000000
6 61 -0.000000000
7 61 -109024209288112478505959746843967488.000000000
8 61 -1381124334936039227444896323296296960.000000000
9 61 1525543788827133954728783951735816192.000000000
10 61 1222448935717335808.000000000
11 61 -479820631177180032.000000000
12 61 847989333450097024.000000000
61 61 1360987070286605312.000000000
62 61 -61933.575320387
63 61 -55358.673438897
64 61 112944536153336.656250000
65 61 92417375803820.593750000
66 61 -83072872222895.562500000
1 62 71651.338029098
2 62 -15887.750136890
3 62 -1002596.288704396
4 62 -0.000000000
5 62 0.000000000
6 62 0.000000000
7 62 -783696093269084127792672758002876416.000000000
8 62 -9927902735326272932060106011896184832.000000000
9 62 10966029611416778752035306989647036416.000000000
10 62 8787300191381301248.000000000
11 62 -3449083066768576512.000000000
12 62 6095581266748588032.000000000
61 62 71595.668129787
62 62 1360987070286150144.000000000
63 62 -397933.416677879
64 62 811876484291181.875000000
65 62 664321592796290.250000000
66 62 -597150723154327.000000000
1 63 23482.830908882
2 63 -44097.185993697
3 63 -328588.413703742
4 63 -0.000000000
5 63 0.000000000
6 63 0.000000000
7 63 1977708217268214042411369795361439744.000000000
8 63 25053710218193971853368505223589396480.000000000
9 63 -27673491114187578144416487559401570304.000000000
10 63 -22175325289174716416.000000000
11 63 8703986126477678592.000000000
12 63 -15382596983465703424.000000000
61 63 -180676.339204961
62 63 1123480.203486193
63 63 1360987070287599616.000000000
64 63 -2048823272413829.000000000
65 63 -1676458877702766.750000000
66 63 1506948806141965.500000000
1 64 -1850115538177686503424.000000000
2 64 3736927439166791221248.000000000
3 64 25888127929299155025920.000000000
4 64 9991.540322852
5 64 -13053.730211693
6 64 -11183.535280788
7 64 1077159548191448780869329636784954565122326528.000000000
8 64 13645512995049352252023364127418909564665331712.000000000
9 64 -15072377676931976490549786565075789996653281280.000000000
10 64 -12077799526200992889921601536.000000000
11 64 4740629422277326334890868736.000000000
12 64 -8378137417868617146123157504.000000000
61 64 -98405438278313.484375000
62 64 611903928912635.375000000
63 64 546943876587438.500000000
64 64 -1115891029593065217064960.000000000
65 64 -913083978465845501231104.000000000
66 64 820760252194160493199360.000000000
1 65 985087118922287808512.000000000
2 65 -1825491531998498127872.000000000
3 65 -13784037152232134672384.000000000
4 65 -5397.050228137
5 65 6944.424510070
6 65 5862.132502170
7 65 -2880560203232457297254981673176799389656547328.000000000
8 65 -36491085979070131769720665115496944861798465536.000000000
9 65 40306834189193703046312217973703055520743555072.000000000
10 65 32298677309418290123984863232.000000000
11 65 -12677479835752107201500545024.000000000
12 65 22404971727396943549874307072.000000000
61 65 263157662912696.468750000
62 65 -1636364927356184.000000000
63 65 -1462647540881694.750000000
64 65 2984140294529290837426176.000000000
65 65 2441787607967819093770240.000000000
66 65 -2194892412024856466423808.000000000
1 66 -4632295440302818197504.000000000
2 66 3010914883220078067712.000000000
3 66 64818360187402942676992.000000000
4 66 27995.535280343
5 66 -32452.481943151
6 66 -24427.004360609
7 66 -1082084450575315380815317728150766514562138112.000000000
8 66 -13707901913748753780155322594624415960433426432.000000000
9 66 15141290391744088362773384191654331992453939200.000000000
10 66 12133020671274923362049064960.000000000
11 66 -4762304147420877768169095168.000000000
12 66 8416443264955894820222533632.000000000
61 66 98855359720662.500000000
62 66 -614701626916853.000000000
63 66 -549444569457096.812500000
64 66 1120994384155492176887808.000000000
65 66 917258707706065274798080.000000000
66 66 -824511505320199489323008.000000000
1 67 -509.912019176
2 67 -2169.763759730
3 67 -171.565736836
4 67 0.000000000
5 67 -0.000000000
6 67 -0.000000000
7 67 0.000000000
8 67 0.000000000
9 67 0.000000000
10 67 0.000000000
11 67 0.000000000
12 67 0.000000000
67 67 1360987070286595328.000000000
68 67 -0.000000000
69 67 -0.000000000
70 67 0.000000000
71 67 -0.000000000
72 67 0.000000001
1 68 38718.270179684
2 68 164752.930537119
3 68 13027.205287526
4 68 -0.000000000
5 68 0.000000000
6 68 0.000000000
7 68 0.000000000
8 68 0.000000000
9 68 0.000000000
10 68 0.000000000
11 68 0.000000000
12 68 0.000000000
67 68 0.000000000
68 68 1360987070286595328.000000000
69 68 0.000000000
70 68 -0.000000015
71 68 0.000000009
72 68 -0.000000067
1 69 -5164.000239750
2 69 -21973.713413457
3 69 -1737.487003315
4 69 0.000000000
5 69 -0.000000000
6 69 -0.000000000
7 69 0.000000000
8 69 0.000000000
9 69 0.000000000
10 69 0.000000000
11 69 0.000000000
12 69 0.000000000
67 69 0.000000000
68 69 0.000000000
69 69 1360987070286595328.000000000
70 69 0.000000002
71 69 -0.000000001
72 69 0.000000009
1 70 527445010122436444160.000000000
2 70 2244369666092356075520.000000000
3 70 177464912374917660672.000000000
4 70 -31396.619594569
5 70 4831.517357372
6 70 21719.068644789
7 70 0.000000000
8 70 0.000000000
9 70 0.000000000
10 70 0.000000000
11 70 0.000000000
12 70 0.000000000
67 70 -0.000000003
68 70 0.000000016
69 70 0.000000003
70 70 1360987070076890624.000000000
71 70 121803963.405721471
72 70 -917156596.716687799
1 71 -205446447882135175168.000000000
2 71 -874210139036206235648.000000000
3 71 -69124809546833723392.000000000
4 71 12229.377181355
5 71 -1881.936618800
6 71 -8459.849688111
7 71 0.000000000
8 71 0.000000000
9 71 0.000000000
10 71 0.000000000
11 71 0.000000000
12 71 0.000000000
67 71 0.000000001
68 71 -0.000000006
69 71 -0.000000001
70 71 81682612.449137121
71 71 1360987070239151104.000000000
72 71 357243999.527783513
1 72 -1592463447885302988800.000000000
2 72 -6776207165112747819008.000000000
3 72 -535802559158959079424.000000000
4 72 94792.761580784
5 72 -14587.330701359
6 72 -65574.272720695
7 72 0.000000000
8 72 0.000000000
9 72 0.000000000
10 72 0.000000000
11 72 0.000000000
12 72 0.000000000
67 72 0.000000010
68 72 -0.000000049
69 72 -0.000000009
70 72 633141025.283907294
71 72 -367750866.552220047
72 72 1360987073055677184.000000000
1 73 0.000000000
2 73 0.000000000
3 73 0.000000000
4 73 0.000000000
5 73 0.000000000
6 73 0.000000000
73 73 1360987070286595328.000000000
74 73 0.000000000
75 73 0.000000000
76 73 0.000000000
77 73 0.000000000
78 73 0.000000000
1 74 0.000000000
2 74 0.000000000
3 74 0.000000000
4 74 0.000000000
5 74 0.000000000
6 74 0.000000000
73 74 0.000000000
74 74 1360987070286595328.000000000
75 74 0.000000000
76 74 0.000000000
77 74 0.000000000
78 74 0.000000000
1 75 0.000000000
2 75 0.000000000
3 75 0.000000000
4 75 0.000000000
5 75 0.000000000
6 75 0.000000000
73 75 0.000000000
74 75 0.000000000
75 75 1360987070286595328.000000000
76 75 0.000000000
77 75 0.000000000
78 75 0.000000000
1 76 0.000000000
2 76 0.000000000
3 76 0.000000000
4 76 0.000000000
5 76 0.000000000
6 76 0.000000000
73 76 0.000000000
74 76 0.000000000
75 76 0.000000000
76 76 1360987070286595328.000000000
77 76 0.000000000
78 76 0.000000000
1 77 0.000000000
2 77 0.000000000
3 77 0.000000000
4 77 0.000000000
5 77 0.000000000
6 77 0.000000000
73 77 0.000000000
74 77 0.000000000
75 77 0.000000000
76 77 0.000000000
77 77 1360987070286595328.000000000
78 77 0.000000000
1 78 0.000000000
2 78 0.000000000
3 78 0.000000000
4 78 0.000000000
5 78 0.000000000
6 78 0.000000000
73 78 0.000000000
74 78 0.000000000
75 78 0.000000000
76 78 0.000000000
77 78 0.000000000
78 78 1360987070286595328.000000000
1 79 48598115827607048255654118337544192.000000000
2 79 151231161334830825824838118560235520.000000000
3 79 27377816984860083328080509744971776.000000000
4 79 -891190434866688384.000000000
5 79 176639415012930976.000000000
6 79 -312175696635518592.000000000
7 79 0.000000000
8 79 0.000000000
9 79 0.000000000
10 79 0.000000000
11 79 0.000000000
12 79 0.000000000
79 79 1360987070635961344.000000000
80 79 49271292.659861997
81 79 376933178.296005070
82 79 1348734680289288912896.000000000
83 79 -663647202728769748992.000000000
84 79 1271765783240542257152.000000000
1 80 -3690116937973888531010683527063666688.000000000
2 80 -11483175026182896162197096208609050624.000000000
3 80 -2078832573241264866357640012553519104.000000000
4 80 67669226731496742912.000000000
5 80 -13412456144703811584.000000000
6 80 23703898930257100800.000000000
7 80 0.000000000
8 80 0.000000000
9 80 0.000000000
10 80 0.000000000
11 80 0.000000000
12 80 0.000000000
79 80 342353948.134615183
80 80 1360987070287374080.000000000
81 80 344108626.631164312
82 80 -102411145037459081920512.000000000
83 80 50391578807614213980160.000000000
84 80 -96566798484924576825344.000000000
1 81 492164672232721730213605322675716096.000000000
2 81 1531553923073066505004674478214479872.000000000
3 81 277261661143387927223792054533357568.000000000
4 81 -9025297396899049472.000000000
5 81 1788869348383944192.000000000
6 81 -3161477493462050816.000000000
7 81 0.000000000
8 81 0.000000000
9 81 0.000000000
10 81 0.000000000
11 81 0.000000000
12 81 0.000000000
79 81 543333430.416489720
80 81 49176491.545105562
81 81 1360987070857088256.000000000
82 81 13658956742442245685248.000000000
83 81 -6720912991108659675136.000000000
84 81 12879474424187608629248.000000000
1 82 -50269130223794427153580266271136591547982201978093568.000000000
2 82 -156431145808284061888185198251361366830576852642299904.000000000
3 82 -28319185297989129163922937923238588474079853424934912.000000000
4 82 921833434518966320724842592520372224.000000000
5 82 -182713045654657410318910217598795776.000000000
6 82 322909653587023298639628257728659456.000000000
7 82 0.000000000
8 82 0.000000000
9 82 0.000000000
10 82 0.000000000
11 82 0.000000000
12 82 0.000000000
79 82 -10787222373419785912320.000000000
80 82 9818005788351554125824.000000000
81 82 16563421719967737839616.000000000
82 82 -1395110039272245465530217749862921797632.000000000
83 82 686466277313535669256793121320108818432.000000000
84 82 -1315494617088998509560590450064416047104.000000000
1 83 19580456814267113415991177963208000785678738216976384.000000000
2 83 60931893614813101861067358233510484710346021031378944.000000000
3 83 11030677918513808758995319986434659366094348226658304.000000000
4 83 -359065686519525047672419269715427328.000000000
5 83 71169023293560164189559332557291520.000000000
6 83 -125777360754450926940182422094872576.000000000
7 83 0.000000000
8 83 0.000000000
9 83 0.000000000
10 83 0.000000000
11 83 0.000000000
12 83 0.000000000
79 83 4201758432825712312320.000000000
80 83 -3824236414777804455936.000000000
81 83 -6451660536804129374208.000000000
82 83 543412861004515675814041809101397164032.000000000
83 83 -267387226266868480734312070310180945920.000000000
84 83 512401655342739272817414597319688454144.000000000
1 84 151772698389537245384103075720187009049553790610440192.000000000
2 84 472297352386900359908615045153404270010316581758828544.000000000
3 84 85501363356286312220751959275877787083283753559130112.000000000
4 84 -2783202080477087707946047567499886592.000000000
5 84 551647737816874413418650365444751360.000000000
6 84 -974929728100514240771618728411398144.000000000
7 84 0.000000000
8 84 0.000000000
9 84 0.000000000
10 84 0.000000000
11 84 0.000000000
12 84 0.000000000
79 84 32568811922012390817792.000000000
80 84 -29642550501040573120512.000000000
81 84 -50008329123893499396096.000000000
82 84 4212120127562043245248719444348248260608.000000000
83 84 -2072580901986241370937332778804227080192.000000000
84 84 3971745022514890115698818571492831264768.000000000
1 85 68.103519152
2 85 -141.029345413
3 85 -145.818759391
4 85 0.000000000
5 85 0.000000000
6 85 -0.000000000
7 85 16.056083420
8 85 -106.646677755
9 85 -95.709661394
10 85 -0.000000071
11 85 -0.000000021
12 85 0.000000037
85 85 1360987070286221312.000000000
86 85 688716.705178092
87 85 16000.029767727
88 85 0.000000000
89 85 -0.000000000
90 85 0.000000000
1 86 -61.984514835
2 86 128.358059346
3 86 132.717151292
4 86 -0.000000000
5 86 -0.000000000
6 86 0.000000000
7 86 -99.839812712
8 86 663.149539956
9 86 595.141070112
10 86 0.000000442
11 86 0.000000130
12 86 -0.000000229
85 86 -0.000000000
86 86 1360987070286595328.000000000
87 86 0.000000000
88 86 -0.000000000
89 86 -0.000000000
90 86 0.000000000
1 87 -104.570691998
2 87 216.545876417
3 87 223.899862529
4 87 -0.000000000
5 87 -0.000000000
6 87 0.000000000
7 87 -89.240764150
8 87 592.749225823
9 87 531.960571951
10 87 0.000000395
11 87 0.000000116
12 87 -0.000000205
85 87 -373698.839245544
86 87 688142.774590444
87 87 1360987070286611200.000000000
88 87 -0.000000000
89 87 -0.000000000
90 87 0.000000000
1 88 8807819102004769792.000000000
2 88 -18239306543092051968.000000000
3 88 -18858720817932640256.000000000
4 88 55.940258958
5 88 312.983656057
6 88 -553.137536478
7 88 182071861314.568939209
8 88 -1209345929138.181884766
9 88 -1085322973232.546997070
10 88 -806.104091340
11 88 -236.607663109
12 88 418.157872947
85 88 0.000000000
86 88 -0.000000000
87 88 -0.000000000
88 88 1360987070299876608.000000000
89 88 -6535114.043006885
90 88 12523423.023321910
1 89 -4333902430634274816.000000000
2 89 8974681932579440640.000000000
3 89 9279465784315244544.000000000
4 89 -27.525499952
5 89 -154.004142459
6 89 272.172269441
7 89 148981121207.717010498
8 89 -989552757631.845458984
9 89 -888070414929.842041016
10 89 -659.598306245
11 89 -193.605286846
12 89 342.159564382
85 89 -0.000000000
86 89 -0.000000000
87 89 -0.000000000
88 89 -6535114.043006885
89 89 1360987070289810944.000000000
90 89 -6162172.084078087
1 90 8305179011560308736.000000000
2 90 -17198435178195681280.000000000
3 90 -17782501037779013632.000000000
4 90 52.747889032
5 90 295.122465748
6 90 -521.571368038
7 90 -133917345499.878890991
8 90 889497121916.394165039
9 90 798275859520.247314453
10 90 592.905017444
11 90 174.029473526
12 90 -307.563134362
85 90 0.000000000
86 90 0.000000000
87 90 0.000000000
88 90 12523423.023321912
89 90 -6162172.084078087
90 90 1360987070298404096.000000000
1 91 0.000000000
2 91 0.000000000
3 91 0.000000000
4 91 0.000000000
5 91 0.000000000
6 91 0.000000000
7 91 -603.297245609
8 91 499.158858075
9 91 -264.926051931
10 91 0.000000132
11 91 0.000000025
12 91 -0.000000045
91 91 1360987070286595328.000000000
92 91 -0.000000000
93 91 -0.000000000
94 91 0.000007053
95 91 0.000005772
96 91 -0.000005188
1 92 0.000000000
2 92 0.000000000
3 92 0.000000000
4 92 0.000000000
5 92 0.000000000
6 92 0.000000000
7 92 3751.418227984
8 92 -3103.865718717
9 92 1647.361110159
10 92 -0.000000819
11 92 -0.000000158
12 92 0.000000280
91 92 -0.000000000
92 92 1360987070286595328.000000000
93 92 0.000000000
94 92 -0.000043860
95 92 -0.000035888
96 92 0.000032260
1 93 0.000000000
2 93 0.000000000
3 93 0.000000000
4 93 0.000000000
5 93 0.000000000
6 93 0.000000000
7 93 3353.165638208
8 93 -2774.357653854
9 93 1472.476362966
10 93 -0.000000732
11 93 -0.000000141
12 93 0.000000250
91 93 -0.000000000
92 93 0.000000000
93 93 1360987070286595328.000000000
94 93 -0.000039204
95 93 -0.000032079
96 93 0.000028835
1 94 0.000000000
2 94 0.000000000
3 94 0.000000000
4 94 0.000000000
5 94 0.000000000
6 94 0.000000000
7 94 -6841235783418.506835938
8 94 5660333221023.037109375
9 94 -3004193371713.019531250
10 94 1492.727843318
11 94 288.578427195
12 94 -510.006056898
91 94 0.000007053
92 94 -0.000043860
93 94 -0.000039204
94 94 1360987070286675200.000000000
95 94 65447.585753678
96 94 -58830.050965238
1 95 0.000000000
2 95 0.000000000
3 95 0.000000000
4 95 0.000000000
5 95 0.000000000
6 95 0.000000000
7 95 -5597872016583.204101562
8 95 4631593171996.770507812
9 95 -2458194767775.376953125
10 95 1221.431286251
11 95 236.130598816
12 95 -417.314754904
91 95 0.000005772
92 95 -0.000035888
93 95 -0.000032079
94 95 65447.585753678
95 95 1360987070286648832.000000000
96 95 -48137.954378165
1 96 0.000000000
2 96 0.000000000
3 96 0.000000000
4 96 0.000000000
5 96 0.000000000
6 96 0.000000000
7 96 5031860109736.143554688
8 96 -4163283629503.543457031
9 96 2209641834841.540039062
10 96 -1097.929954072
11 96 -212.254967129
12 96 375.119234985
91 96 -0.000005188
92 96 0.000032260
93 96 0.000028835
94 96 -58830.050965238
95 96 -48137.954378165
96 96 1360987070286638592.000000000
1 97 0.000000000
2 97 0.000000000
3 97 0.000000000
4 97 0.000000000
5 97 0.000000000
6 97 0.000000000
7 97 -1340458339688869474058557337788812886016.000000000
8 97 -2783283932990580533010932771007234048.000000000
9 97 -234994146240895761675571805621846016.000000000
10 97 80731617564526215168.000000000
11 97 57140333470079746048.000000000
12 97 -71842837945931874304.000000000
97 97 1360987070286595584.000000000
98 97 -119816.280892235
99 97 109832.792237344
100 97 189988848460774.343750000
101 97 -149251158508873.437500000
102 97 -163214702294736.500000000
1 98 0.000000000
2 98 0.000000000
3 98 0.000000000
4 98 0.000000000
5 98 0.000000000
6 98 0.000000000
7 98 -3418778262370985076545845472426545119232.000000000
8 98 -882110252035488494182188945720733597696.000000000
9 98 -599341563335769349035693849280774144.000000000
10 98 250366898915725213696.000000000
11 98 79538182938267844608.000000000
12 98 -186196707644679225344.000000000
97 98 78954.467847508
98 98 1360987070286289664.000000000
99 98 -612802.685942693
100 98 601922972620750.625000000
101 98 969627594917454.125000000
102 98 -405970979117324.375000000
1 99 0.000000000
2 99 0.000000000
3 99 0.000000000
4 99 0.000000000
5 99 0.000000000
6 99 0.000000000
7 99 18481531259466095585318442756644530028544.000000000
8 99 859575931475012129806723171299065069568.000000000
9 99 3239974774701561067164228285968154624.000000000
10 99 -1154815034620437463040.000000000
11 99 -725695873977991036928.000000000
12 99 993313565706158342144.000000000
97 99 -76714.256266920
98 99 1651963.567568651
99 99 1360987070285918976.000000000
100 99 -2729613335698389.000000000
101 99 790548016267602.875000000
102 99 2240650802950326.500000000
1 100 0.000000000
2 100 0.000000000
3 100 0.000000000
4 100 0.000000000
5 100 0.000000000
6 100 0.000000000
7 100 3403777382615947899520310687287254973525012774912.000000000
8 100 1392035137850023718677251230382766495472931569664.000000000
9 100 596711567483566794529378277828772043818008576.000000000
10 100 -275377354578280603488754860032.000000000
11 100 -40319965065612502616483299328.000000000
12 100 187120610172475219843861184512.000000000
97 100 -124625325771258.265625000
98 100 304245149149629.062500000
99 100 1134428475888287.750000000
100 100 -668195709914356452950016.000000000
101 100 -1758243339721009488986112.000000000
102 100 398141213037344606650368.000000000
1 101 0.000000000
2 101 0.000000000
3 101 0.000000000
4 101 0.000000000
5 101 0.000000000
6 101 0.000000000
7 101 -27467373589932266070367167869446882836160737968128.000000000
8 101 -1175886401087862889512152257489498673830460129280.000000000
9 101 -4815271910166435566464956493210998307637166080.000000000
10 101 1711129746417669250672614178816.000000000
11 101 1086221740009705332531993247744.000000000
12 101 -1475924846584060070334327422976.000000000
97 101 104911703735858.656250000
98 101 -2455159144002276.000000000
99 101 1108826158274962.500000000
100 101 4043138939801915879325696.000000000
101 101 -1331734144726067002212352.000000000
102 101 -3331266286688318982717440.000000000
1 102 0.000000000
2 102 0.000000000
3 102 0.000000000
4 102 0.000000000
5 102 0.000000000
6 102 0.000000000
7 102 -4834136128679870181416073206716348531474432000000.000000000
8 102 -1202205625769573230622361376556580701251877994496.000000000
9 102 -847466125542911752697997445550882398457036800.000000000
10 102 351726100544578118303243829248.000000000
11 102 115878028571532103476364443648.000000000
12 102 -263128462668437362346316267520.000000000
97 102 107602460642401.812500000
98 102 -432097138389980.062500000
99 102 -820482776555021.875000000
100 102 845067756356293047091200.000000000
101 102 1301461288758281282519040.000000000
102 102 -574570515565518969110528.000000000
1 103 47.667377005
2 103 -957.310285058
3 103 598.492067955
4 103 -0.000000000
5 103 0.000000000
6 103 -0.000000000
7 103 0.000000000
8 103 0.000000000
9 103 0.000000000
10 103 0.000000000
11 103 0.000000000
12 103 0.000000000
103 103 1360987070286595328.000000000
104 103 0.000000000
105 103 0.000000000
106 103 0.000000000
107 103 -0.000000000
108 103 0.000000000
1 104 -3619.444751666
2 104 72689.791314530
3 104 -45444.266297036
4 104 0.000000000
5 104 -0.000000000
6 104 0.000000000
7 104 0.000000000
8 104 0.000000000
9 104 0.000000000
10 104 0.000000000
11 104 0.000000000
12 104 0.000000000
103 104 0.000000000
104 104 1360987070286595328.000000000
105 104 0.000000000
106 104 -0.000000000
107 104 0.000000000
108 104 -0.000000000
1 105 482.738858906
2 105 -9694.908838478
3 105 6061.071451903
4 105 -0.000000000
5 105 0.000000000
6 105 -0.000000000
7 105 0.000000000
8 105 0.000000000
9 105 0.000000000
10 105 0.000000000
11 105 0.000000000
12 105 0.000000000
103 105 0.000000000
104 105 0.000000000
105 105 1360987070286595328.000000000
106 105 0.000000000
107 105 -0.000000000
108 105 0.000000000
1 106 -49306388555597414400.000000000
2 106 990226772471029694464.000000000
3 106 -619070825886833967104.000000000
4 106 0.000001338
5 106 -0.000000338
6 106 0.000000598
7 106 0.000000000
8 106 0.000000000
9 106 0.000000000
10 106 0.000000000
11 106 0.000000000
12 106 0.000000000
103 106 -0.000000000
104 106 0.000000000
105 106 0.000000000
106 106 1360987070286595328.000000000
107 106 0.000000000
108 106 -0.000000001
1 107 19205456857563979776.000000000
2 107 -385705749599830081536.000000000
3 107 241135852506000556032.000000000
4 107 -0.000000521
5 107 0.000000132
6 107 -0.000000233
7 107 0.000000000
8 107 0.000000000
9 107 0.000000000
10 107 0.000000000
11 107 0.000000000
12 107 0.000000000
103 107 0.000000000
104 107 -0.000000000
105 107 -0.000000000
106 107 0.000000000
107 107 1360987070286595328.000000000
108 107 0.000000000
1 108 148865986055669514240.000000000
2 108 -2989695437466559315968.000000000
3 108 1869100366781560127488.000000000
4 108 -0.000004041
5 108 0.000001021
6 108 -0.000001805
7 108 0.000000000
8 108 0.000000000
9 108 0.000000000
10 108 0.000000000
11 108 0.000000000
12 108 0.000000000
103 108 0.000000000
104 108 -0.000000000
105 108 -0.000000000
106 108 0.000000002
107 108 -0.000000001
108 108 1360987070286595328.000000000
1 109 0.000000000
2 109 0.000000000
3 109 0.000000000
4 109 0.000000000
5 109 0.000000000
6 109 0.000000000
109 109 1360987070286595328.000000000
110 109 0.000000000
111 109 0.000000000
112 109 0.000000000
113 109 0.000000000
114 109 0.000000000
1 110 0.000000000
2 110 0.000000000
3 110 0.000000000
4 110 0.000000000
5 110 0.000000000
6 110 0.000000000
109 110 0.000000000
110 110 1360987070286595328.000000000
111 110 0.000000000
112 110 0.000000000
113 110 0.000000000
114 110 0.000000000
1 111 0.000000000
2 111 0.000000000
3 111 0.000000000
4 111 0.000000000
5 111 0.000000000
6 111 0.000000000
109 111 0.000000000
110 111 0.000000000
111 111 1360987070286595328.000000000
112 111 0.000000000
113 111 0.000000000
114 111 0.000000000
1 112 0.000000000
2 112 0.000000000
3 112 0.000000000
4 112 0.000000000
5 112 0.000000000
6 112 0.000000000
109 112 0.000000000
110 112 0.000000000
111 112 0.000000000
112 112 1360987070286595328.000000000
113 112 0.000000000
114 112 0.000000000
1 113 0.000000000
2 113 0.000000000
3 113 0.000000000
4 113 0.000000000
5 113 0.000000000
6 113 0.000000000
109 113 0.000000000
110 113 0.000000000
111 113 0.000000000
112 113 0.000000000
113 113 1360987070286595328.000000000
114 113 0.000000000
1 114 0.000000000
2 114 0.000000000
3 114 0.000000000
4 114 0.000000000
5 114 0.000000000
6 114 0.000000000
109 114 0.000000000
110 114 0.000000000
111 114 0.000000000
112 114 0.000000000
113 114 0.000000000
114 114 1360987070286595328.000000000
1 115 0.000000000
2 115 0.000000000
3 115 0.000000000
4 115 0.000000000
5 115 0.000000000
6 115 0.000000000
7 115 0.000000000
8 115 0.000000000
9 115 0.000000000
10 115 0.000000000
11 115 0.000000000
12 115 0.000000000
115 115 1360987070286595328.000000000
116 115 0.000000000
117 115 0.000000000
118 115 0.000000000
119 115 0.000000000
120 115 0.000000000
1 116 0.000000000
2 116 0.000000000
3 116 0.000000000
4 116 0.000000000
5 116 0.000000000
6 116 0.000000000
7 116 0.000000000
8 116 0.000000000
9 116 0.000000000
10 116 0.000000000
11 116 0.000000000
12 116 0.000000000
115 116 0.000000000
116 116 1360987070286595328.000000000
117 116 0.000000000
118 116 0.000000000
119 116 0.000000000
120 116 0.000000000
1 117 0.000000000
2 117 0.000000000
3 117 0.000000000
4 117 0.000000000
5 117 0.000000000
6 117 0.000000000
7 117 0.000000000
8 117 0.000000000
9 117 0.000000000
10 117 0.000000000
11 117 0.000000000
12 117 0.000000000
115 117 0.000000000
116 117 0.000000000
117 117 1360987070286595328.000000000
118 117 0.000000000
119 117 0.000000000
120 117 0.000000000
1 118 0.000000000
2 118 0.000000000
3 118 0.000000000
4 118 0.000000000
5 118 0.000000000
6 118 0.000000000
7 118 0.000000000
8 118 0.000000000
9 118 0.000000000
10 118 0.000000000
11 118 0.000000000
12 118 0.000000000
115 118 0.000000000
116 118 0.000000000
117 118 0.000000000
118 118 1360987070286595328.000000000
119 118 0.000000000
120 118 0.000000000
1 119 0.000000000
2 119 0.000000000
3 119 0.000000000
4 119 0.000000000
5 119 0.000000000
6 119 0.000000000
7 119 0.000000000
8 119 0.000000000
9 119 0.000000000
10 119 0.000000000
11 119 0.000000000
12 119 0.000000000
115 119 0.000000000
116 119 0.000000000
117 119 0.000000000
118 119 0.000000000
119 119 1360987070286595328.000000000
120 119 0.000000000
1 120 0.000000000
2 120 0.000000000
3 120 0.000000000
4 120 0.000000000
5 120 0.000000000
6 120 0.000000000
7 120 0.000000000
8 120 0.000000000
9 120 0.000000000
10 120 0.000000000
11 120 0.000000000
12 120 0.000000000
115 120 0.000000000
116 120 0.000000000
117 120 0.000000000
118 120 0.000000000
119 120 0.000000000
120 120 1360987070286595328.000000000
1 121 0.000000000
2 121 0.000000000
3 121 0.000000000
4 121 0.000000000
5 121 0.000000000
6 121 0.000000000
121 121 1360987070286595328.000000000
122 121 0.000000000
123 121 0.000000000
124 121 0.000000000
125 121 0.000000000
126 121 0.000000000
1 122 0.000000000
2 122 0.000000000
3 122 0.000000000
4 122 0.000000000
5 122 0.000000000
6 122 0.000000000
121 122 0.000000000
122 122 1360987070286595328.000000000
123 122 0.000000000
124 122 0.000000000
125 122 0.000000000
126 122 0.000000000
1 123 0.000000000
2 123 0.000000000
3 123 0.000000000
4 123 0.000000000
5 123 0.000000000
6 123 0.000000000
121 123 0.000000000
122 123 0.000000000
123 123 1360987070286595328.000000000
124 123 0.000000000
125 123 0.000000000
126 123 0.000000000
1 124 0.000000000
2 124 0.000000000
3 124 0.000000000
4 124 0.000000000
5 124 0.000000000
6 124 0.000000000
121 124 0.000000000
122 124 0.000000000
123 124 0.000000000
124 124 1360987070286595328.000000000
125 124 0.000000000
126 124 0.000000000
1 125 0.000000000
2 125 0.000000000
3 125 0.000000000
4 125 0.000000000
5 125 0.000000000
6 125 0.000000000
121 125 0.000000000
122 125 0.000000000
123 125 0.000000000
124 125 0.000000000
125 125 1360987070286595328.000000000
126 125 0.000000000
1 126 0.000000000
2 126 0.000000000
3 126 0.000000000
4 126 0.000000000
5 126 0.000000000
6 126 0.000000000
121 126 0.000000000
122 126 0.000000000
123 126 0.000000000
124 126 0.000000000
125 126 0.000000000
126 126 1360987070286595328.000000000
1 127 2738.503081269
2 127 -63.106701689
3 127 -1463.639855388
4 127 -0.000000000
5 127 -0.000000000
6 127 0.000000000
7 127 0.000000000
8 127 0.000000000
9 127 0.000000000
10 127 0.000000000
11 127 0.000000000
12 127 0.000000000
127 127 1360987070286595328.000000000
128 127 0.000000000
129 127 -0.000000000
130 127 0.000000000
131 127 -0.000000000
132 127 -0.000000000
1 128 -10433.406483931
2 128 -6686.173587514
3 128 5577.070955913
4 128 -0.000000000
5 128 0.000000000
6 128 -0.000000000
7 128 0.000000000
8 128 0.000000000
9 128 0.000000000
10 128 0.000000000
11 128 0.000000000
12 128 0.000000000
127 128 0.000000000
128 128 1360987070286595328.000000000
129 128 -0.000000000
130 128 0.000000000
131 128 -0.000000000
132 128 0.000000000
1 129 -2970.388240645
2 129 1145.252748503
3 129 1587.456973694
4 129 0.000000000
5 129 0.000000000
6 129 0.000000000
7 129 0.000000000
8 129 0.000000000
9 129 0.000000000
10 129 0.000000000
11 129 0.000000000
12 129 0.000000000
127 129 -0.000000000
128 129 -0.000000000
129 129 1360987070286595328.000000000
130 129 -0.000000000
131 129 0.000000000
132 129 0.000000000
1 130 230991587520635043840.000000000
2 130 -112767252696913985536.000000000
3 130 -123445646895326789632.000000000
4 130 -0.003166678
5 130 -0.009344191
6 130 -0.001723665
7 130 0.000000000
8 130 0.000000000
9 130 0.000000000
10 130 0.000000000
11 130 0.000000000
12 130 0.000000000
127 130 0.000000000
128 130 0.000000000
129 130 -0.000000000
130 130 1360987070286635520.000000000
131 130 -18249.633986390
132 130 -18861.094611195
1 131 -124886730097126998016.000000000
2 131 45953199535726534656.000000000
3 131 66743135631069954048.000000000
4 131 0.001384501
5 131 0.005015420
6 131 0.000520223
7 131 0.000000000
8 131 0.000000000
9 131 0.000000000
10 131 0.000000000
11 131 0.000000000
12 131 0.000000000
127 131 -0.000000000
128 131 -0.000000000
129 131 0.000000000
130 131 -17394.356219695
131 131 1360987070286603008.000000000
132 131 12743.054170103
1 132 651620272138054402048.000000000
2 132 262068525933517701120.000000000
3 132 -348299942088086126592.000000000
4 132 0.003724624
5 132 -0.024946893
6 132 0.011045182
7 132 0.000000000
8 132 0.000000000
9 132 0.000000000
10 132 0.000000000
11 132 0.000000000
12 132 0.000000000
127 132 -0.000000000
128 132 0.000000000
129 132 0.000000000
130 132 -51909.211293312
131 132 28197.967206239
132 132 1360987070286443776.000000000
1 133 0.000000000
2 133 0.000000000
3 133 0.000000000
4 133 0.000000000
5 133 0.000000000
6 133 0.000000000
7 133 0.000000000
8 133 0.000000000
9 133 0.000000000
10 133 0.000000000
11 133 0.000000000
12 133 0.000000000
133 133 1360987070286329856.000000000
134 133 -402845.828471079
135 133 -493072.563817476
136 133 0.000000000
137 133 0.000000000
138 133 0.000000000
1 134 0.000000000
2 134 0.000000000
3 134 0.000000000
4 134 0.000000000
5 134 0.000000000
6 134 0.000000000
7 134 0.000000000
8 134 0.000000000
9 134 0.000000000
10 134 0.000000000
11 134 0.000000000
12 134 0.000000000
133 134 -348982.827156103
134 134 1360987070286595328.000000000
135 134 -348692.008133473
136 134 0.000000000
137 134 0.000000000
138 134 0.000000000
1 135 0.000000000
2 135 0.000000000
3 135 0.000000000
4 135 0.000000000
5 135 0.000000000
6 135 0.000000000
7 135 0.000000000
8 135 0.000000000
9 135 0.000000000
10 135 0.000000000
11 135 0.000000000
12 135 0.000000000
133 135 -462595.082240085
134 135 -402510.123614020
135 135 1360987070285905408.000000000
136 135 0.000000000
137 135 0.000000000
138 135 0.000000000
1 136 0.000000000
2 136 0.000000000
3 136 0.000000000
4 136 0.000000000
5 136 0.000000000
6 136 0.000000000
7 136 0.000000000
8 136 0.000000000
9 136 0.000000000
10 136 0.000000000
11 136 0.000000000
12 136 0.000000000
133 136 0.000000000
134 136 0.000000000
135 136 0.000000000
136 136 1360987070286595328.000000000
137 136 0.000000000
138 136 0.000000000
1 137 0.000000000
2 137 0.000000000
3 137 0.000000000
4 137 0.000000000
5 137 0.000000000
6 137 0.000000000
7 137 0.000000000
8 137 0.000000000
9 137 0.000000000
10 137 0.000000000
11 137 0.000000000
12 137 0.000000000
133 137 0.000000000
134 137 0.000000000
135 137 0.000000000
136 137 0.000000000
137 137 1360987070286595328.000000000
138 137 0.000000000
1 138 0.000000000
2 138 0.000000000
3 138 0.000000000
4 138 0.000000000
5 138 0.000000000
6 138 0.000000000
7 138 0.000000000
8 138 0.000000000
9 138 0.000000000
10 138 0.000000000
11 138 0.000000000
12 138 0.000000000
133 138 0.000000000
134 138 0.000000000
135 138 0.000000000
136 138 0.000000000
137 138 0.000000000
138 138 1360987070286595328.000000000
1 139 0.000000000
2 139 0.000000000
3 139 0.000000000
4 139 0.000000000
5 139 0.000000000
6 139 0.000000000
7 139 0.000000000
8 139 0.000000000
9 139 0.000000000
10 139 0.000000000
11 139 0.000000000
12 139 0.000000000
139 139 1360987070286595328.000000000
140 139 0.000000000
141 139 0.000000000
142 139 0.000000000
143 139 0.000000000
144 139 0.000000000
1 140 0.000000000
2 140 0.000000000
3 140 0.000000000
4 140 0.000000000
5 140 0.000000000
6 140 0.000000000
7 140 0.000000000
8 140 0.000000000
9 140 0.000000000
10 140 0.000000000
11 140 0.000000000
12 140 0.000000000
139 140 0.000000000
140 140 1360987070286595328.000000000
141 140 0.000000000
142 140 0.000000000
143 140 0.000000000
144 140 0.000000000
1 141 0.000000000
2 141 0.000000000
3 141 0.000000000
4 141 0.000000000
5 141 0.000000000
6 141 0.000000000
7 141 0.000000000
8 141 0.000000000
9 141 0.000000000
10 141 0.000000000
11 141 0.000000000
12 141 0.000000000
139 141 0.000000000
140 141 0.000000000
141 141 1360987070286595328.000000000
142 141 0.000000000
143 141 0.000000000
144 141 0.000000000
1 142 0.000000000
2 142 0.000000000
3 142 0.000000000
4 142 0.000000000
5 142 0.000000000
6 142 0.000000000
7 142 0.000000000
8 142 0.000000000
9 142 0.000000000
10 142 0.000000000
11 142 0.000000000
12 142 0.000000000
139 142 0.000000000
140 142 0.000000000
141 142 0.000000000
142 142 1360987070286595328.000000000
143 142 0.000000000
144 142 0.000000000
1 143 0.000000000
2 143 0.000000000
3 143 0.000000000
4 143 0.000000000
5 143 0.000000000
6 143 0.000000000
7 143 0.000000000
8 143 0.000000000
9 143 0.000000000
10 143 0.000000000
11 143 0.000000000
12 143 0.000000000
139 143 0.000000000
140 143 0.000000000
141 143 0.000000000
142 143 0.000000000
143 143 1360987070286595328.000000000
144 143 0.000000000
1 144 0.000000000
2 144 0.000000000
3 144 0.000000000
4 144 0.000000000
5 144 0.000000000
6 144 0.000000000
7 144 0.000000000
8 144 0.000000000
9 144 0.000000000
10 144 0.000000000
11 144 0.000000000
12 144 0.000000000
139 144 0.000000000
140 144 0.000000000
141 144 0.000000000
142 144 0.000000000
143 144 0.000000000
144 144 1360987070286595328.000000000
1 145 0.000000000
2 145 0.000000000
3 145 0.000000000
4 145 0.000000000
5 145 0.000000000
6 145 0.000000000
7 145 0.000000000
8 145 0.000000000
9 145 0.000000000
10 145 0.000000000
11 145 0.000000000
12 145 0.000000000
145 145 1360987070286595328.000000000
146 145 0.000000000
147 145 0.000000000
148 145 0.000000000
149 145 0.000000000
150 145 0.000000000
1 146 0.000000000
2 146 0.000000000
3 146 0.000000000
4 146 0.000000000
5 146 0.000000000
6 146 0.000000000
7 146 0.000000000
8 146 0.000000000
9 146 0.000000000
10 146 0.000000000
11 146 0.000000000
12 146 0.000000000
145 146 0.000000000
146 146 1360987070286595328.000000000
147 146 0.000000000
148 146 0.000000000
149 146 0.000000000
150 146 0.000000000
1 147 0.000000000
2 147 0.000000000
3 147 0.000000000
4 147 0.000000000
5 147 0.000000000
6 147 0.000000000
7 147 0.000000000
8 147 0.000000000
9 147 0.000000000
10 147 0.000000000
11 147 0.000000000
12 147 0.000000000
145 147 0.000000000
146 147 0.000000000
147 147 1360987070286595328.000000000
148 147 0.000000000
149 147 0.000000000
150 147 0.000000000
1 148 0.000000000
2 148 0.000000000
3 148 0.000000000
4 148 0.000000000
5 148 0.000000000
6 148 0.000000000
7 148 0.000000000
8 148 0.000000000
9 148 0.000000000
10 148 0.000000000
11 148 0.000000000
12 148 0.000000000
145 148 0.000000000
146 148 0.000000000
147 148 0.000000000
148 148 1360987070286595328.000000000
149 148 0.000000000
150 148 0.000000000
1 149 0.000000000
2 149 0.000000000
3 149 0.000000000
4 149 0.000000000
5 149 0.000000000
6 149 0.000000000
7 149 0.000000000
8 149 0.000000000
9 149 0.000000000
10 149 0.000000000
11 149 0.000000000
12 149 0.000000000
145 149 0.000000000
146 149 0.000000000
147 149 0.000000000
148 149 0.000000000
149 149 1360987070286595328.000000000
150 149 0.000000000
1 150 0.000000000
2 150 0.000000000
3 150 0.000000000
4 150 0.000000000
5 150 0.000000000
6 150 0.000000000
7 150 0.000000000
8 150 0.000000000
9 150 0.000000000
10 150 0.000000000
11 150 0.000000000
12 150 0.000000000
145 150 0.000000000
146 150 0.000000000
147 150 0.000000000
148 150 0.000000000
149 150 0.000000000
150 150 1360987070286595328.000000000
1 151 0.000000000
2 151 0.000000000
3 151 0.000000000
4 151 0.000000000
5 151 0.000000000
6 151 0.000000000
7 151 0.000000000
8 151 0.000000000
9 151 0.000000000
10 151 0.000000000
11 151 0.000000000
12 151 0.000000000
151 151 1360987070286595328.000000000
152 151 0.000000000
153 151 0.000000000
154 151 0.000000000
155 151 0.000000000
156 151 0.000000000
1 152 0.000000000
2 152 0.000000000
3 152 0.000000000
4 152 0.000000000
5 152 0.000000000
6 152 0.000000000
7 152 0.000000000
8 152 0.000000000
9 152 0.000000000
10 152 0.000000000
11 152 0.000000000
12 152 0.000000000
151 152 0.000000000
152 152 1360987070286595328.000000000
153 152 0.000000000
154 152 0.000000000
155 152 0.000000000
156 152 0.000000000
1 153 0.000000000
2 153 0.000000000
3 153 0.000000000
4 153 0.000000000
5 153 0.000000000
6 153 0.000000000
7 153 0.000000000
8 153 0.000000000
9 153 0.000000000
10 153 0.000000000
11 153 0.000000000
12 153 0.000000000
151 153 0.000000000
152 153 0.000000000
153 153 1360987070286595328.000000000
154 153 0.000000000
155 153 0.000000000
156 153 0.000000000
1 154 0.000000000
2 154 0.000000000
3 154 0.000000000
4 154 0.000000000
5 154 0.000000000
6 154 0.000000000
7 154 0.000000000
8 154 0.000000000
9 154 0.000000000
10 154 0.000000000
11 154 0.000000000
12 154 0.000000000
151 154 0.000000000
152 154 0.000000000
153 154 0.000000000
154 154 1360987070286595328.000000000
155 154 0.000000000
156 154 0.000000000
1 155 0.000000000
2 155 0.000000000
3 155 0.000000000
4 155 0.000000000
5 155 0.000000000
6 155 0.000000000
7 155 0.000000000
8 155 0.000000000
9 155 0.000000000
10 155 0.000000000
11 155 0.000000000
12 155 0.000000000
151 155 0.000000000
152 155 0.000000000
153 155 0.000000000
154 155 0.000000000
155 155 1360987070286595328.000000000
156 155 0.000000000
1 156 0.000000000
2 156 0.000000000
3 156 0.000000000
4 156 0.000000000
5 156 0.000000000
6 156 0.000000000
7 156 0.000000000
8 156 0.000000000
9 156 0.000000000
10 156 0.000000000
11 156 0.000000000
12 156 0.000000000
151 156 0.000000000
152 156 0.000000000
153 156 0.000000000
154 156 0.000000000
155 156 0.000000000
156 156 1360987070286595328.000000000
1 157 0.000000000
2 157 0.000000000
3 157 0.000000000
4 157 0.000000000
5 157 0.000000000
6 157 0.000000000
157 157 1360987070286595328.000000000
158 157 0.000000000
159 157 0.000000000
160 157 0.000000000
161 157 0.000000000
162 157 0.000000000
1 158 0.000000000
2 158 0.000000000
3 158 0.000000000
4 158 0.000000000
5 158 0.000000000
6 158 0.000000000
157 158 0.000000000
158 158 1360987070286595328.000000000
159 158 0.000000000
160 158 0.000000000
161 158 0.000000000
162 158 0.000000000
1 159 0.000000000
2 159 0.000000000
3 159 0.000000000
4 159 0.000000000
5 159 0.000000000
6 159 0.000000000
157 159 0.000000000
158 159 0.000000000
159 159 1360987070286595328.000000000
160 159 0.000000000
161 159 0.000000000
162 159 0.000000000
1 160 0.000000000
2 160 0.000000000
3 160 0.000000000
4 160 0.000000000
5 160 0.000000000
6 160 0.000000000
157 160 0.000000000
158 160 0.000000000
159 160 0.000000000
160 160 1360987070286595328.000000000
161 160 0.000000000
162 160 0.000000000
1 161 0.000000000
2 161 0.000000000
3 161 0.000000000
4 161 0.000000000
5 161 0.000000000
6 161 0.000000000
157 161 0.000000000
158 161 0.000000000
159 161 0.000000000
160 161 0.000000000
161 161 1360987070286595328.000000000
162 161 0.000000000
1 162 0.000000000
2 162 0.000000000
3 162 0.000000000
4 162 0.000000000
5 162 0.000000000
6 162 0.000000000
157 162 0.000000000
158 162 0.000000000
159 162 0.000000000
160 162 0.000000000
161 162 0.000000000
162 162 1360987070286595328.000000000
1 163 0.000000000
2 163 0.000000000
3 163 0.000000000
4 163 0.000000000
5 163 0.000000000
6 163 0.000000000
7 163 0.000000000
8 163 0.000000000
9 163 0.000000000
10 163 0.000000000
11 163 0.000000000
12 163 0.000000000
163 163 1360987070286595328.000000000
164 163 0.000000000
165 163 0.000000000
166 163 0.000000000
167 163 0.000000000
168 163 0.000000000
1 164 0.000000000
2 164 0.000000000
3 164 0.000000000
4 164 0.000000000
5 164 0.000000000
6 164 0.000000000
7 164 0.000000000
8 164 0.000000000
9 164 0.000000000
10 164 0.000000000
11 164 0.000000000
12 164 0.000000000
163 164 0.000000000
164 164 1360987070286595328.000000000
165 164 0.000000000
166 164 0.000000000
167 164 0.000000000
168 164 0.000000000
1 165 0.000000000
2 165 0.000000000
3 165 0.000000000
4 165 0.000000000
5 165 0.000000000
6 165 0.000000000
7 165 0.000000000
8 165 0.000000000
9 165 0.000000000
10 165 0.000000000
11 165 0.000000000
12 165 0.000000000
163 165 0.000000000
164 165 0.000000000
165 165 1360987070286595328.000000000
166 165 0.000000000
167 165 0.000000000
168 165 0.000000000
1 166 0.000000000
2 166 0.000000000
3 166 0.000000000
4 166 0.000000000
5 166 0.000000000
6 166 0.000000000
7 166 0.000000000
8 166 0.000000000
9 166 0.000000000
10 166 0.000000000
11 166 0.000000000
12 166 0.000000000
163 166 0.000000000
164 166 0.000000000
165 166 0.000000000
166 166 1360987070286595328.000000000
167 166 0.000000000
168 166 0.000000000
1 167 0.000000000
2 167 0.000000000
3 167 0.000000000
4 167 0.000000000
5 167 0.000000000
6 167 0.000000000
7 167 0.000000000
8 167 0.000000000
9 167 0.000000000
10 167 0.000000000
11 167 0.000000000
12 167 0.000000000
163 167 0.000000000
164 167 0.000000000
165 167 0.000000000
166 167 0.000000000
167 167 1360987070286595328.000000000
168 167 0.000000000
1 168 0.000000000
2 168 0.000000000
3 168 0.000000000
4 168 0.000000000
5 168 0.000000000
6 168 0.000000000
7 168 0.000000000
8 168 0.000000000
9 168 0.000000000
10 168 0.000000000
11 168 0.000000000
12 168 0.000000000
163 168 0.000000000
164 168 0.000000000
165 168 0.000000000
166 168 0.000000000
167 168 0.000000000
168 168 1360987070286595328.000000000
1 169 0.000000000
2 169 0.000000000
3 169 0.000000000
4 169 0.000000000
5 169 0.000000000
6 169 0.000000000
7 169 411.295114851
8 169 780.420117394
9 169 0.211371306
10 169 0.000000000
11 169 -0.000000000
12 169 -0.000000000
169 169 1360987070286595328.000000000
170 169 -0.000000000
171 169 -0.000000000
172 169 0.000000000
173 169 0.000000000
174 169 -0.000000000
1 170 0.000000000
2 170 0.000000000
3 170 0.000000000
4 170 0.000000000
5 170 0.000000000
6 170 0.000000000
7 170 4481.694422320
8 170 -406.441319705
9 170 0.024199990
10 170 0.000000000
11 170 0.000000000
12 170 -0.000000000
169 170 -0.000000000
170 170 1360987070286595328.000000000
171 170 0.000000000
172 170 0.000000000
173 170 -0.000000000
174 170 -0.000000000
1 171 0.000000000
2 171 0.000000000
3 171 0.000000000
4 171 0.000000000
5 171 0.000000000
6 171 0.000000000
7 171 -8892.325326225
8 171 -8510.551615772
9 171 -2.431047025
10 171 -0.000000000
11 171 0.000000000
12 171 0.000000000
169 171 -0.000000000
170 171 0.000000000
171 171 1360987070286595328.000000000
172 171 -0.000000000
173 171 -0.000000000
174 171 0.000000000
1 172 0.000000000
2 172 0.000000000
3 172 0.000000000
4 172 0.000000000
5 172 0.000000000
6 172 0.000000000
7 172 -6477669191310.217773438
8 172 1812067240252.949707031
9 172 278244614.673655152
10 172 -0.000000000
11 172 -0.000000000
12 172 0.000000000
169 172 0.000000000
170 172 0.000000000
171 172 -0.000000000
172 172 1360987070286595328.000000000
173 172 0.000000000
174 172 0.000000000
1 173 0.000000000
2 173 0.000000000
3 173 0.000000000
4 173 0.000000000
5 173 0.000000000
6 173 0.000000000
7 173 12817169293577.339843750
8 173 12926802338770.400390625
9 173 3672836113.788976669
10 173 0.000000000
11 173 -0.000000000
12 173 -0.000000000
169 173 0.000000000
170 173 -0.000000000
171 173 -0.000000000
172 173 0.000000000
173 173 1360987070286595328.000000000
174 173 -0.000000000
1 174 0.000000000
2 174 0.000000000
3 174 0.000000000
4 174 0.000000000
5 174 0.000000000
6 174 0.000000000
7 174 6160188750336.046875000
8 174 -451182608029.160644531
9 174 60753874.234182358
10 174 0.000000000
11 174 0.000000000
12 174 -0.000000000
169 174 -0.000000000
170 174 -0.000000000
171 174 0.000000000
172 174 0.000000000
173 174 -0.000000000
174 174 1360987070286595328.000000000
1 175 0.000000000
2 175 0.000000000
3 175 0.000000000
4 175 0.000000000
5 175 0.000000000
6 175 0.000000000
7 175 0.000000000
8 175 0.000000000
9 175 0.000000000
10 175 0.000000000
11 175 0.000000000
12 175 0.000000000
175 175 1360987070286595328.000000000
176 175 0.000000000
177 175 0.000000000
178 175 0.000000000
179 175 0.000000000
180 175 0.000000000
1 176 0.000000000
2 176 0.000000000
3 176 0.000000000
4 176 0.000000000
5 176 0.000000000
6 176 0.000000000
7 176 0.000000000
8 176 0.000000000
9 176 0.000000000
10 176 0.000000000
11 176 0.000000000
12 176 0.000000000
175 176 0.000000000
176 176 1360987070287601664.000000000
177 176 569449.914550781
178 176 0.000000000
179 176 0.000000000
180 176 0.000000000
1 177 0.000000000
2 177 0.000000000
3 177 0.000000000
4 177 0.000000000
5 177 0.000000000
6 177 0.000000000
7 177 0.000000000
8 177 0.000000000
9 177 0.000000000
10 177 0.000000000
11 177 0.000000000
12 177 0.000000000
175 177 0.000000000
176 177 569449.914550781
177 177 1360987070286917632.000000000
178 177 0.000000000
179 177 0.000000000
180 177 0.000000000
1 178 0.000000000
2 178 0.000000000
3 178 0.000000000
4 178 0.000000000
5 178 0.000000000
6 178 0.000000000
7 178 0.000000000
8 178 0.000000000
9 178 0.000000000
10 178 0.000000000
11 178 0.000000000
12 178 0.000000000
175 178 0.000000000
176 178 0.000000000
177 178 0.000000000
178 178 1360987070286595328.000000000
179 178 0.000000000
180 178 0.000000000
1 179 0.000000000
2 179 0.000000000
3 179 0.000000000
4 179 0.000000000
5 179 0.000000000
6 179 0.000000000
7 179 0.000000000
8 179 0.000000000
9 179 0.000000000
10 179 0.000000000
11 179 0.000000000
12 179 0.000000000
175 179 0.000000000
176 179 0.000000000
177 179 0.000000000
178 179 0.000000000
179 179 1360987070286595328.000000000
180 179 0.000000000
1 180 0.000000000
2 180 0.000000000
3 180 0.000000000
4 180 0.000000000
5 180 0.000000000
6 180 0.000000000
7 180 0.000000000
8 180 0.000000000
9 180 0.000000000
10 180 0.000000000
11 180 0.000000000
12 180 0.000000000
175 180 0.000000000
176 180 0.000000000
177 180 0.000000000
178 180 0.000000000
179 180 0.000000000
180 180 1360987070286595328.000000000
1 181 751.039576339
2 181 23897.833949679
3 181 6045.691224734
4 181 -0.000000000
5 181 0.000000000
6 181 0.000000000
7 181 -48.545517240
8 181 -1876.905953202
9 181 2086.622436995
10 181 -0.000000001
11 181 0.000000001
12 181 -0.000000001
181 181 1360987070286595328.000000000
182 181 -0.000000000
183 181 -0.000000000
184 181 0.000000000
185 181 -0.000000000
186 181 0.000000000
1 182 -683.559738784
2 182 -21750.647564766
3 182 -5502.494468389
4 182 0.000000000
5 182 -0.000000000
6 182 -0.000000000
7 182 301.865356734
8 182 11670.961961633
9 182 -12975.019365730
10 182 0.000000009
11 182 -0.000000004
12 182 0.000000007
181 182 -0.000000000
182 182 1360987070286595328.000000000
183 182 0.000000000
184 182 -0.000000000
185 182 0.000000000
186 182 -0.000000000
1 183 -1153.196328087
2 183 -36694.330403130
3 183 -9282.958103349
4 183 0.000000000
5 183 -0.000000000
6 183 -0.000000000
7 183 269.819167059
8 183 10431.966322138
9 183 -11597.584286311
10 183 0.000000008
11 183 -0.000000004
12 183 0.000000006
181 183 -0.000000000
182 183 0.000000000
183 183 1360987070286595328.000000000
184 183 -0.000000000
185 183 0.000000000
186 183 -0.000000000
1 184 97131848827295055872.000000000
2 184 3090703696088633180160.000000000
3 184 781888444494166491136.000000000
4 184 -39950.982326779
5 184 24545.459137678
6 184 4211.063353472
7 184 -550493694586.329345703
8 184 -21283631348600.488281250
9 184 23661762400474.984375000
10 184 -16.966531621
11 184 7.164924986
12 184 -12.662606750
181 184 0.000000000
182 184 -0.000000000
183 184 -0.000000000
184 184 1360987070292238848.000000000
185 184 -2919819.631365125
186 184 10841518.564368591
1 185 -47793892091721007104.000000000
2 185 -1520786031788509364224.000000000
3 185 -384729544377997787136.000000000
4 185 19657.949079909
5 185 -12077.635086034
6 185 -2072.060914491
7 185 -450443946940.017395020
8 185 -17415427286745.109375000
9 185 19361343739343.046875000
10 185 -13.882940975
11 185 5.862732166
12 185 -10.361235050
181 185 -0.000000000
182 185 0.000000000
183 185 0.000000000
184 185 -2776964.759021498
185 185 1360987070288032000.000000000
186 185 -5334587.724229990
1 186 91588778435615834112.000000000
2 186 2914325007181929775104.000000000
3 186 737268036887410376704.000000000
4 186 -37671.080215086
5 186 23144.711499916
6 186 3970.748555865
7 186 404898668916.520446777
8 186 15654519002681.910156250
9 186 -17403679995591.382812500
10 186 12.479209366
11 186 -5.269939725
12 186 9.313590089
181 186 0.000000000
182 186 -0.000000000
183 186 -0.000000000
184 186 5321575.601202258
185 186 -2753192.866521501
186 186 1360987070296818176.000000000
1 187 282.453640834
2 187 -587.284175375
3 187 -606.011367280
4 187 0.000000000
5 187 0.000000000
6 187 -0.000000000
7 187 0.000000000
8 187 0.000000000
9 187 0.000000000
10 187 0.000000000
11 187 0.000000000
12 187 0.000000000
187 187 1360987070286595328.000000000
188 187 -0.000000000
189 187 -0.000000000
190 187 0.000000000
191 187 -0.000000000
192 187 0.000000000
1 188 -257.075583005
2 188 534.517527649
3 188 551.562108001
4 188 -0.000000000
5 188 -0.000000000
6 188 0.000000000
7 188 0.000000000
8 188 0.000000000
9 188 0.000000000
10 188 0.000000000
11 188 0.000000000
12 188 0.000000000
187 188 51528845.214843750
188 188 1360987070356035072.000000000
189 188 90777215.075683594
190 188 -0.000000000
191 188 0.000000000
192 188 -0.000000000
1 189 -433.698185457
2 189 901.755348084
3 189 930.510329339
4 189 -0.000000000
5 189 -0.000000000
6 189 0.000000000
7 189 0.000000000
8 189 0.000000000
9 189 0.000000000
10 189 0.000000000
11 189 0.000000000
12 189 0.000000000
187 189 29156738.250732422
188 189 39291310.565185547
189 189 1360987070337960192.000000000
190 189 -0.000000000
191 189 0.000000000
192 189 -0.000000000
1 190 36529691918399418368.000000000
2 190 -75953384532994932736.000000000
3 190 -78375369778986418176.000000000
4 190 231.842640095
5 190 1301.971678910
6 190 -2300.980875835
7 190 0.000000000
8 190 0.000000000
9 190 0.000000000
10 190 0.000000000
11 190 0.000000000
12 190 0.000000000
187 190 0.000000000
188 190 -0.000000000
189 190 -0.000000000
190 190 1360987070290874368.000000000
191 190 -2105486.107377078
192 190 4034802.192249803
1 191 -17974497291779952640.000000000
2 191 37372992568333090816.000000000
3 191 38564734544751935488.000000000
4 191 -114.078566986
5 191 -640.637388041
6 191 1132.201569439
7 191 0.000000000
8 191 0.000000000
9 191 0.000000000
10 191 0.000000000
11 191 0.000000000
12 191 0.000000000
187 191 -0.000000000
188 191 0.000000000
189 191 0.000000000
190 191 -2105486.107377078
191 191 1360987070287631360.000000000
192 191 -1985331.309102362
1 192 34445034248080863232.000000000
2 192 -71618915849079996416.000000000
3 192 -73902684486737281024.000000000
4 192 218.611963552
5 192 1227.671428773
6 192 -2169.669682661
7 192 0.000000000
8 192 0.000000000
9 192 0.000000000
10 192 0.000000000
11 192 0.000000000
12 192 0.000000000
187 192 0.000000000
188 192 -0.000000000
189 192 -0.000000000
190 192 4034802.192249803
191 192 -1985331.309102362
192 192 1360987070290400000.000000000
1 193 -21259.945921693
2 193 -6156.782356488
3 193 3588.876627736
4 193 -0.000000000
5 193 -0.000000000
6 193 0.000000000
7 193 -1354.418293623
8 193 -1438.595356667
9 193 -644.533488121
10 193 0.000000000
11 193 -0.000000000
12 193 -0.000000000
193 193 1360987070286595328.000000000
194 193 -0.000000000
195 193 -0.000000000
196 193 0.000000038
197 193 -0.000000023
198 193 0.000000200
1 194 19349.770023611
2 194 5603.604219986
3 194 -3266.421168031
4 194 0.000000000
5 194 0.000000000
6 194 -0.000000000
7 194 -9735.932342875
8 194 -10341.020294268
9 194 -4633.084522417
10 194 0.000000000
11 194 -0.000000000
12 194 -0.000000000
193 194 0.000000000
194 194 1360987070286595328.000000000
195 194 -0.000000000
196 194 -0.000000035
197 194 0.000000021
198 194 -0.000000182
1 195 32643.940938159
2 195 9453.534846917
3 195 -5510.600878370
4 195 0.000000000
5 195 0.000000000
6 195 -0.000000000
7 195 24569.260409290
8 195 26096.239328692
9 195 11691.891040391
10 195 -0.000000000
11 195 0.000000000
12 195 0.000000000
193 195 -0.000000000
194 195 -0.000000000
195 195 1360987070286595328.000000000
196 195 -0.000000059
197 195 0.000000035
198 195 -0.000000307
1 196 -2749545987187776946176.000000000
2 196 -796255845834366517248.000000000
3 196 464148938414569553920.000000000
4 196 -9667.820730863
5 196 -58861.228628878
6 196 30679.217284694
7 196 13381657218588.451171875
8 196 14213326879744.722656250
9 196 6367992993409.017578125
10 196 -0.001814380
11 196 0.000997870
12 196 0.001815553
193 196 0.000000085
194 196 -0.000000465
195 196 -0.000000070
196 196 1360987075233551104.000000000
197 196 -2983043732.308722496
198 196 25873704912.416957855
1 197 1352918798514099060736.000000000
2 197 391799048743274545152.000000000
3 197 -228385277794063843328.000000000
4 197 4757.067700776
5 197 28962.768066700
6 197 -15095.761257157
7 197 -35785477928394.265625000
8 197 -38009544485836.859375000
9 197 -17029405924197.298828125
10 197 0.004852048
11 197 -0.002668522
12 197 -0.004855185
193 197 -0.000000042
194 197 0.000000229
195 197 0.000000034
196 197 -2434158084.445065022
197 197 1360987071754407168.000000000
198 197 -12731200687.797317505
1 198 -2592636310947185557504.000000000
2 198 -750815526757420498944.000000000
3 198 437661125519854534656.000000000
4 198 -9116.102509782
5 198 -55502.166307201
6 198 28928.431491735
7 198 -13442839757095.919921875
8 198 -14278311911488.867187500
9 198 -6397108219585.439453125
10 198 0.001822675
11 198 -0.001002432
12 198 -0.001823854
193 198 0.000000080
194 198 -0.000000439
195 198 -0.000000066
196 198 4664645537.669349670
197 198 -2812808926.842861652
198 198 1360987094683752960.000000000
1 199 167347161569739491300035526656.000000000
2 199 133529471691809657652445708288.000000000
3 199 42690429984949175834613121024.000000000
4 199 639931353843.833740234
5 199 3996999998703.087890625
6 199 -546264427003.500122070
7 199 -526029426257776156599199465472.000000000
8 199 -422899101561777229765302812672.000000000
9 199 -136834494765412385921064501248.000000000
10 199 20972669697976540.000000000
11 199 -5942733881721481.000000000
12 199 -17785217202839736.000000000
199 199 1360987070288977920.000000000
200 199 8365334.710101532
201 199 -34996133.544276759
202 199 61760480977629069312.000000000
203 199 -24569175259079213056.000000000
204 199 -164820349740353978368.000000000
1 200 -152311257159616071681756364800.000000000
2 200 -121532038610426700602206584832.000000000
3 200 -38854755579361699035808268288.000000000
4 200 -582434432024.655273438
5 200 -3637875234685.397460938
6 200 497183345316.598754883
7 200 3270952076250528574986321395712.000000000
8 200 2629667895461256026888475770880.000000000
9 200 850863188281572441151311446016.000000000
10 200 -130412091165971712.000000000
11 200 36953061480434408.000000000
12 200 110591898917242880.000000000
199 200 -14816245.622827517
200 200 1360987070234599680.000000000
201 200 217609414.147226363
202 200 -56160083123299262464.000000000
203 200 22087003709331693568.000000000
204 200 149949344967707328512.000000000
1 201 -256956009134392092118493429760.000000000
2 201 -205030069383354902858224893952.000000000
3 201 -65549737529263811373995917312.000000000
4 201 -982593342254.893920898
5 201 -6137260761061.110351562
6 201 838770886689.998657227
7 201 2923706033225393685452080283648.000000000
8 201 2350500928204467824981046198272.000000000
9 201 760535091629906166714371932160.000000000
10 201 -116567472973972144.000000000
11 201 33030104470482004.000000000
12 201 98851403063305168.000000000
199 201 -13243336.194286199
200 201 -46478608.103144705
201 201 1360987070481103616.000000000
202 201 -94792285867386781696.000000000
203 201 37517002154359521280.000000000
204 201 253029088818417991680.000000000
1 202 21642986217187222051063988736925597721316818944.000000000
2 202 17269348869175602038661691693544025126256771072.000000000
3 202 5521147649612264268584170391070302573093191680.000000000
4 202 82762237143868476346937114624.000000000
5 202 516931479868439490932749893632.000000000
6 202 -70648305914943477386439557120.000000000
7 202 -5965038561406904195992987265526812114944.000000000
8 202 -4795567172632188865700306351517817896960.000000000
9 202 -1551668019055521447895590059842006417408.000000000
10 202 237824686679742152221655040.000000000
11 202 -67389075582392752987439104.000000000
12 202 -201679794213543153766498304.000000000
199 202 -1544597724438065408.000000000
200 202 529637444146462261248.000000000
201 202 -80083440342491267072.000000000
202 202 7988724893347633325174715238798327808.000000000
203 202 -3184220389375335804161566110893735936.000000000
204 202 -21317707789006091260221465050707132416.000000000
1 203 -10649468328828651710114289202579017768439382016.000000000
2 203 -8497412602690268317138936481803823992016994304.000000000
3 203 -2716690129693850032652003685576884313145737216.000000000
4 203 -40723300123284895745229979648.000000000
5 203 -254357017455464707206494027776.000000000
6 203 34762619574609147400504213504.000000000
7 203 -4880919690222105728564141542276771872768.000000000
8 203 -3923994454976752973455700027113463611392.000000000
9 203 -1269659350720062260589518687492676517888.000000000
10 203 194601121868065711004319744.000000000
11 203 -55141414850868592645242880.000000000
12 203 -165025400684861633501069312.000000000
199 203 795425788029733504.000000000
200 203 -260484773089542864896.000000000
201 203 38885211431819558912.000000000
202 203 -3930865726605618108137349018040664064.000000000
203 203 1566801081191583748158931958241427456.000000000
204 203 10489414522924036070809688734661869568.000000000
1 204 20407875411242184210844803257017907284319141888.000000000
2 204 16283830549942227408441045110613328232282324992.000000000
3 204 5206069635200425670511805632107603318452256768.000000000
4 204 78039204361109423643443593216.000000000
5 204 487431500045338829924278992896.000000000
6 204 -66616584729076661821514973184.000000000
7 204 4387400250541126368557831876679582089216.000000000
8 204 3527231617716615195184558818977459994624.000000000
9 204 1141281583593849331482559278675033849856.000000000
10 204 -174924617700621103973531648.000000000
11 204 49565957378185043464159232.000000000
12 204 148339356158811261953376256.000000000
199 204 -1501802368490112768.000000000
200 204 499253225640044396544.000000000
201 204 -74847202691397959680.000000000
202 204 7532828450107352401481254330722942976.000000000
203 204 -3002504938898863134757975562416816128.000000000
204 204 -20101159805324928223647167343438594048.000000000
1 205 1330.467802742
2 205 -4519.653757427
3 205 1022.874777340
4 205 0.000000000
5 205 -0.000000000
6 205 -0.000000000
7 205 411625495154481151606784.000000000
8 205 -1752355531026118528204800.000000000
9 205 2039590321707507249053696.000000000
10 205 1702076283670.192382812
11 205 -1013045045413.495117188
12 205 1790359432247.708740234
205 205 1360987070286595840.000000000
206 205 -3578.071873652
207 205 -3198.221826687
208 205 6525114463397.328125000
209 205 5339204321562.225585938
210 205 -4799346816756.662109375
1 206 -101024.117719752
2 206 343183.076134500
3 206 -77668.186863043
4 206 -0.000000000
5 206 0.000000000
6 206 0.000000000
7 206 2958877615796594979897344.000000000
8 206 -12596414985725383268106240.000000000
9 206 14661137901652203060330496.000000000
10 206 12234993885011.693359375
11 206 -7282047258862.565429688
12 206 12869597511980.970703125
205 206 4136.277375968
206 206 1360987070286569728.000000000
207 206 -22989.700795342
208 206 46904322870018.359375000
209 206 38379673609152.851562500
210 206 -34499028932152.218750000
1 207 13473.963730928
2 207 -45771.608060283
3 207 10358.896038495
4 207 0.000000000
5 207 -0.000000000
6 207 -0.000000000
7 207 -7466920691465890245378048.000000000
8 207 31787874967542996439924736.000000000
9 207 -36998337942006750802608128.000000000
10 207 -30875805241899.789062500
11 207 18376721315928.625000000
12 207 -32477268894130.121093750
205 207 -10438.165796169
206 207 64906.521154381
207 207 1360987070286653440.000000000
208 207 -118366118655112.750000000
209 207 -96853610123627.125000000
210 207 87060550119987.250000000
1 208 -1376215067099338375168.000000000
2 208 4675059092918541746176.000000000
3 208 -1058045656896723484672.000000000
4 208 -58616.638593748
5 208 77264.529207704
6 208 58646.158145442
7 208 -4066861252925657834977560016977920.000000000
8 208 17313278439678553835557551494660096.000000000
9 208 -20151159121184815239675655521042432.000000000
10 208 -16816519309583026487296.000000000
11 208 10008888397727338070016.000000000
12 208 -17688757109385578151936.000000000
205 208 -5685151052504.517578125
206 208 35351361940491.117187500
207 208 31598442220720.613281250
208 208 -64466791479930804764672.000000000
209 208 -52751356349105093738496.000000000
210 208 47417562407193987252224.000000000
1 209 536053032318574657536.000000000
2 209 -1820994162133101445120.000000000
3 209 412122055825484873728.000000000
4 209 22831.916038187
5 209 -30095.503357447
6 209 -22843.414273875
7 209 10875676399949253085424021823029248.000000000
8 209 -46299492906650256094049488473161728.000000000
9 209 53888606484480426413775879925661696.000000000
10 209 44971050353132428066816.000000000
11 209 -26765956487593735487488.000000000
12 209 47303604985438125686784.000000000
205 209 15203337238857.181640625
206 209 -94537273059335.312500000
207 209 -84501144977058.109375000
208 209 172401938683240940306432.000000000
209 209 141070024415963621883904.000000000
210 209 -126804931966626955264000.000000000
1 210 4155072374797864796160.000000000
2 210 -14114951472284121956352.000000000
3 210 3194454402764582158336.000000000
4 210 176975.518977377
5 210 -233277.282408593
6 210 -177064.644490311
7 210 4085455429352926207852434084069376.000000000
8 210 -17392436821000320136980741899681792.000000000
9 210 20243292632659717792866868163248128.000000000
10 210 16893406448702906695680.000000000
11 210 -10054650233485638238208.000000000
12 210 17769632224127787991040.000000000
205 210 5711144243595.040039062
206 210 -35512992598628.968750000
207 210 -31742914080697.699218750
208 210 64762908570797677215744.000000000
209 210 52992541866586986774528.000000000
210 210 -47633000173721048055808.000000000
1 211 0.000000000
2 211 0.000000000
3 211 0.000000000
4 211 0.000000000
5 211 0.000000000
6 211 0.000000000
211 211 1360987070286595328.000000000
212 211 0.000000000
213 211 0.000000000
214 211 0.000000000
215 211 0.000000000
216 211 0.000000000
1 212 0.000000000
2 212 0.000000000
3 212 0.000000000
4 212 0.000000000
5 212 0.000000000
6 212 0.000000000
211 212 0.000000000
212 212 1360987070286595328.000000000
213 212 0.000000000
214 212 0.000000000
215 212 0.000000000
216 212 0.000000000
1 213 0.000000000
2 213 0.000000000
3 213 0.000000000
4 213 0.000000000
5 213 0.000000000
6 213 0.000000000
211 213 0.000000000
212 213 0.000000000
213 213 1360987070286595328.000000000
214 213 0.000000000
215 213 0.000000000
216 213 0.000000000
1 214 0.000000000
2 214 0.000000000
3 214 0.000000000
4 214 0.000000000
5 214 0.000000000
6 214 0.000000000
211 214 0.000000000
212 214 0.000000000
213 214 0.000000000
214 214 1360987070286595328.000000000
215 214 0.000000000
216 214 0.000000000
1 215 0.000000000
2 215 0.000000000
3 215 0.000000000
4 215 0.000000000
5 215 0.000000000
6 215 0.000000000
211 215 0.000000000
212 215 0.000000000
213 215 0.000000000
214 215 0.000000000
215 215 1360987070286595328.000000000
216 215 0.000000000
1 216 0.000000000
2 216 0.000000000
3 216 0.000000000
4 216 0.000000000
5 216 0.000000000
6 216 0.000000000
211 216 0.000000000
212 216 0.000000000
213 216 0.000000000
214 216 0.000000000
215 216 0.000000000
216 216 1360987070286595328.000000000
1 217 26964459550250231302330305740800.000000000
2 217 81915159937237711263127253811200.000000000
3 217 14149511838814268393486003732480.000000000
4 217 -480135294029512.500000000
5 217 104332182505591.640625000
6 217 -184386773205758.437500000
7 217 0.000000000
8 217 0.000000000
9 217 0.000000000
10 217 0.000000000
11 217 0.000000000
12 217 0.000000000
217 217 1360987070286595840.000000000
218 217 -548.358087298
219 217 -925.105000880
220 217 77920087764964605952.000000000
221 217 -38340712252247760896.000000000
222 217 73473384272529408000.000000000
1 218 -2047445815855400182238517506605056.000000000
2 218 -6219922604273625497258247170555904.000000000
3 218 -1074390486365519438623774081024000.000000000
4 218 36457285449138728.000000000
5 218 -7922075728313762.000000000
6 218 14000722936636990.000000000
7 218 0.000000000
8 218 0.000000000
9 218 0.000000000
10 218 0.000000000
11 218 0.000000000
12 218 0.000000000
217 218 -45747.914195575
218 218 1360987070286637056.000000000
219 218 70244.402998248
220 218 -5916571677179483521024.000000000
221 218 2911259197740978536448.000000000
222 218 -5578927807738326024192.000000000
1 219 273075492135490958852692497137664.000000000
2 219 829574298403138396439824266428416.000000000
3 219 143295470159916661588211445792768.000000000
4 219 -4862444265363035.000000000
5 219 1056596815159230.625000000
6 219 -1867328686584796.750000000
7 219 0.000000000
8 219 0.000000000
9 219 0.000000000
10 219 0.000000000
11 219 0.000000000
12 219 0.000000000
217 219 6101.570105732
218 219 -5553.352711419
219 219 1360987070286585856.000000000
220 219 789115252764667281408.000000000
221 219 -388285507729030053888.000000000
222 219 744082429380447698944.000000000
1 220 -27891614838609875591021047169123029744432082583552.000000000
2 220 -84731759082905772085860136604556353284764176744448.000000000
3 220 -14636033539893283401186642450377485039807542329344.000000000
4 220 496644431776478493576941296156672.000000000
5 220 -107919576296143801678822484475904.000000000
6 220 190726791686852081301233111924736.000000000
7 220 0.000000000
8 220 0.000000000
9 220 0.000000000
10 220 0.000000000
11 220 0.000000000
12 220 0.000000000
217 220 -623207311534965915648.000000000
218 220 567213021126731431936.000000000
219 220 956914130680752242688.000000000
220 220 -80599318969510070140610140250254082048.000000000
221 220 39659032541883118246022001613902708736.000000000
222 220 -75999718488685562096830931272233648128.000000000
1 221 10864133861004554460896614033300199221108806778880.000000000
2 221 33004083065165279833216180375723386434751570116608.000000000
3 221 5700918662889364499321213002483371065412492984320.000000000
4 221 -193449236244046930089677011550208.000000000
5 221 42036028745140797671423038455808.000000000
6 221 -74290477900101567205071977971712.000000000
7 221 0.000000000
8 221 0.000000000
9 221 0.000000000
10 221 0.000000000
11 221 0.000000000
12 221 0.000000000
217 221 242747065555351207936.000000000
218 221 -220936587030998319104.000000000
219 221 -372730057738049552384.000000000
220 221 31394445802342913808289116030851088384.000000000
221 221 -15447690670692918187774139420343533568.000000000
222 221 29602843716197479630723763132489007104.000000000
1 222 84210441430986587265113647868678460893066290003968.000000000
2 222 255822363706178550780890344747956862375919383216128.000000000
3 222 44189153346797289064804908117664705470632363556864.000000000
4 222 -1499470255707259807714013972791296.000000000
5 222 325831086207421983156506745372672.000000000
6 222 -575842862222248120505107973406720.000000000
7 222 0.000000000
8 222 0.000000000
9 222 0.000000000
10 222 0.000000000
11 222 0.000000000
12 222 0.000000000
217 222 1881589255804935733248.000000000
218 222 -1712531137794322202624.000000000
219 222 -2889117816320424935424.000000000
220 222 243345688972579212769935569564137947136.000000000
221 222 -119738661830893510328608947068754460672.000000000
222 222 229458562352709580955150417793919221760.000000000
1 223 0.000000000
2 223 0.000000000
3 223 0.000000000
4 223 0.000000000
5 223 0.000000000
6 223 0.000000000
7 223 0.000000000
8 223 0.000000000
9 223 0.000000000
10 223 0.000000000
11 223 0.000000000
12 223 0.000000000
223 223 1360987070286595328.000000000
224 223 660.874105086
225 223 373.944597794
226 223 0.000000000
227 223 0.000000000
228 223 0.000000000
1 224 0.000000000
2 224 0.000000000
3 224 0.000000000
4 224 0.000000000
5 224 0.000000000
6 224 0.000000000
7 224 0.000000000
8 224 0.000000000
9 224 0.000000000
10 224 0.000000000
11 224 0.000000000
12 224 0.000000000
223 224 0.000000000
224 224 1360987070286595328.000000000
225 224 0.000000000
226 224 0.000000000
227 224 0.000000000
228 224 0.000000000
1 225 0.000000000
2 225 0.000000000
3 225 0.000000000
4 225 0.000000000
5 225 0.000000000
6 225 0.000000000
7 225 0.000000000
8 225 0.000000000
9 225 0.000000000
10 225 0.000000000
11 225 0.000000000
12 225 0.000000000
223 225 0.000000000
224 225 660.323376665
225 225 1360987070286595584.000000000
226 225 0.000000000
227 225 0.000000000
228 225 0.000000000
1 226 0.000000000
2 226 0.000000000
3 226 0.000000000
4 226 0.000000000
5 226 0.000000000
6 226 0.000000000
7 226 0.000000000
8 226 0.000000000
9 226 0.000000000
10 226 0.000000000
11 226 0.000000000
12 226 0.000000000
223 226 0.000000000
224 226 0.000000000
225 226 0.000000000
226 226 1360987070286595328.000000000
227 226 0.000000000
228 226 0.000000000
1 227 0.000000000
2 227 0.000000000
3 227 0.000000000
4 227 0.000000000
5 227 0.000000000
6 227 0.000000000
7 227 0.000000000
8 227 0.000000000
9 227 0.000000000
10 227 0.000000000
11 227 0.000000000
12 227 0.000000000
223 227 0.000000000
224 227 0.000000000
225 227 0.000000000
226 227 0.000000000
227 227 1360987070286595328.000000000
228 227 0.000000000
1 228 0.000000000
2 228 0.000000000
3 228 0.000000000
4 228 0.000000000
5 228 0.000000000
6 228 0.000000000
7 228 0.000000000
8 228 0.000000000
9 228 0.000000000
10 228 0.000000000
11 228 0.000000000
12 228 0.000000000
223 228 0.000000000
224 228 0.000000000
225 228 0.000000000
226 228 0.000000000
227 228 0.000000000
228 228 1360987070286595328.000000000
1 229 0.000000000
2 229 0.000000000
3 229 0.000000000
4 229 0.000000000
5 229 0.000000000
6 229 0.000000000
7 229 0.000000000
8 229 0.000000000
9 229 0.000000000
10 229 0.000000000
11 229 0.000000000
12 229 0.000000000
229 229 1360987070286595328.000000000
230 229 0.000000000
231 229 0.000000000
232 229 0.000000000
233 229 0.000000000
234 229 0.000000000
1 230 0.000000000
2 230 0.000000000
3 230 0.000000000
4 230 0.000000000
5 230 0.000000000
6 230 0.000000000
7 230 0.000000000
8 230 0.000000000
9 230 0.000000000
10 230 0.000000000
11 230 0.000000000
12 230 0.000000000
229 230 0.000000000
230 230 1360987070286595328.000000000
231 230 0.000000000
232 230 0.000000000
233 230 0.000000000
234 230 0.000000000
1 231 0.000000000
2 231 0.000000000
3 231 0.000000000
4 231 0.000000000
5 231 0.000000000
6 231 0.000000000
7 231 0.000000000
8 231 0.000000000
9 231 0.000000000
10 231 0.000000000
11 231 0.000000000
12 231 0.000000000
229 231 0.000000000
230 231 0.000000000
231 231 1360987070286595328.000000000
232 231 0.000000000
233 231 0.000000000
234 231 0.000000000
1 232 0.000000000
2 232 0.000000000
3 232 0.000000000
4 232 0.000000000
5 232 0.000000000
6 232 0.000000000
7 232 0.000000000
8 232 0.000000000
9 232 0.000000000
10 232 0.000000000
11 232 0.000000000
12 232 0.000000000
229 232 0.000000000
230 232 0.000000000
231 232 0.000000000
232 232 1360987070286595328.000000000
233 232 0.000000000
234 232 0.000000000
1 233 0.000000000
2 233 0.000000000
3 233 0.000000000
4 233 0.000000000
5 233 0.000000000
6 233 0.000000000
7 233 0.000000000
8 233 0.000000000
9 233 0.000000000
10 233 0.000000000
11 233 0.000000000
12 233 0.000000000
229 233 0.000000000
230 233 0.000000000
231 233 0.000000000
232 233 0.000000000
233 233 1360987070286595328.000000000
234 233 0.000000000
1 234 0.000000000
2 234 0.000000000
3 234 0.000000000
4 234 0.000000000
5 234 0.000000000
6 234 0.000000000
7 234 0.000000000
8 234 0.000000000
9 234 0.000000000
10 234 0.000000000
11 234 0.000000000
12 234 0.000000000
229 234 0.000000000
230 234 0.000000000
231 234 0.000000000
232 234 0.000000000
233 234 0.000000000
234 234 1360987070286595328.000000000
1 235 0.000000000
2 235 0.000000000
3 235 0.000000000
4 235 0.000000000
5 235 0.000000000
6 235 0.000000000
7 235 -63.072013397
8 235 -25.234353875
9 235 4.390095009
10 235 0.000000025
11 235 -0.000000006
12 235 -0.000000025
235 235 1360987070286595328.000000000
236 235 0.000000000
237 235 -0.000000000
238 235 -0.000000837
239 235 0.000002239
240 235 0.000000841
1 236 0.000000000
2 236 0.000000000
3 236 0.000000000
4 236 0.000000000
5 236 0.000000000
6 236 0.000000000
7 236 -453.379032206
8 236 -181.391497147
9 236 31.557214033
10 236 0.000000180
11 236 -0.000000040
12 236 -0.000000180
235 236 0.000000000
236 236 1360987070286595328.000000000
237 236 -0.000000000
238 236 -0.000006018
239 236 0.000016092
240 236 0.000006045
1 237 0.000000000
2 237 0.000000000
3 237 0.000000000
4 237 0.000000000
5 237 0.000000000
6 237 0.000000000
7 237 1144.131564816
8 237 457.753276470
9 237 -79.636688307
10 237 -0.000000453
11 237 0.000000101
12 237 0.000000453
235 237 -0.000000000
236 237 -0.000000000
237 237 1360987070286595328.000000000
238 237 0.000015186
239 237 -0.000040610
240 237 -0.000015255
1 238 0.000000000
2 238 0.000000000
3 238 0.000000000
4 238 0.000000000
5 238 0.000000000
6 238 0.000000000
7 238 623151700876.651977539
8 238 249315499708.375244141
9 238 -43374153197.483062744
10 238 -246.764981802
11 238 54.887425579
12 238 246.970790794
235 238 -0.000000837
236 238 -0.000006018
237 238 0.000015186
238 238 1360987070286603520.000000000
239 238 -22118.328209264
240 238 -8308.765427332
1 239 0.000000000
2 239 0.000000000
3 239 0.000000000
4 239 0.000000000
5 239 0.000000000
6 239 0.000000000
7 239 -1666443929439.932373047
8 239 -666724170727.320678711
9 239 115991971439.472412109
10 239 659.903528055
11 239 -146.780979705
12 239 -660.453906310
235 239 0.000002239
236 239 0.000016092
237 239 -0.000040610
238 239 -22118.328209264
239 239 1360987070286654464.000000000
240 239 22219.455853268
1 240 0.000000000
2 240 0.000000000
3 240 0.000000000
4 240 0.000000000
5 240 0.000000000
6 240 0.000000000
7 240 -626000825040.579956055
8 240 -250455400014.611450195
9 240 43572465017.527862549
10 240 247.893220835
11 240 -55.138377459
12 240 -248.099970810
235 240 0.000000841
236 240 0.000006045
237 240 -0.000015255
238 240 -8308.765427332
239 240 22219.455853268
240 240 1360987070286603776.000000000
1 241 0.000000000
2 241 0.000000000
3 241 0.000000000
4 241 0.000000000
5 241 0.000000000
6 241 0.000000000
7 241 5531.724683603
8 241 289.996117620
9 241 -3.220363659
10 241 -0.000000379
11 241 0.000000021
12 241 0.000000229
241 241 1360987070286595328.000000000
242 241 -0.000000000
243 241 -0.000000000
244 241 0.002024819
245 241 0.007701612
246 241 -0.001023615
1 242 0.000000000
2 242 0.000000000
3 242 0.000000000
4 242 0.000000000
5 242 0.000000000
6 242 0.000000000
7 242 -34397.327289843
8 242 -1803.251597122
9 242 20.024840190
10 242 0.000002358
11 242 -0.000000131
12 242 -0.000001423
241 242 -0.000000000
242 242 1360987070286595328.000000000
243 242 0.000000000
244 242 -0.012590715
245 242 -0.047890103
246 242 0.006365033
1 243 0.000000000
2 243 0.000000000
3 243 0.000000000
4 243 0.000000000
5 243 0.000000000
6 243 0.000000000
7 243 -30745.688405017
8 243 -1611.817431447
9 243 17.898992316
10 243 0.000002107
11 243 -0.000000117
12 243 -0.000001272
241 243 -0.000000000
242 243 0.000000000
243 243 1360987070286595328.000000000
244 243 -0.011254077
245 243 -0.042806064
246 243 0.005689318
1 244 0.000000000
2 244 0.000000000
3 244 0.000000000
4 244 0.000000000
5 244 0.000000000
6 244 0.000000000
7 244 62728336860394.289062500
8 244 3288481476342.082519531
9 244 -36518096607.536460876
10 244 -4299.521421978
11 244 238.106769195
12 244 2595.153132769
241 244 0.005742153
242 244 -0.009073493
243 244 -0.056909787
244 244 1360987070309556224.000000000
245 244 87334300.787697405
246 244 -11607528.601914734
1 245 0.000000000
2 245 0.000000000
3 245 0.000000000
4 245 0.000000000
5 245 0.000000000
6 245 0.000000000
7 245 51327744383360.757812500
8 245 2690814790813.860351562
9 245 -29881097154.067337036
10 245 -3518.102783583
11 245 194.831937158
12 245 2123.495748514
241 245 0.004698543
242 245 -0.007424426
243 245 -0.046566689
244 245 18787883.468173198
245 245 1360987070358056960.000000000
246 245 -9497912.599334350
1 246 0.000000000
2 246 0.000000000
3 246 0.000000000
4 246 0.000000000
5 246 0.000000000
6 246 0.000000000
7 246 -46137894671448.773437500
8 246 -2418741187450.122558594
9 246 26859760344.516765594
10 246 3162.380455684
11 246 -175.132094800
12 246 -1908.784895133
241 246 -0.004223464
242 246 0.006673728
243 246 0.041858239
244 246 -16888203.426196840
245 246 -64236052.996513017
246 246 1360987070295132928.000000000
1 247 852031079651844649612888091836547072.000000000
2 247 268009492612677520978492743300939776.000000000
3 247 -126191365600967577168139714329313280.000000000
4 247 332463274993812416.000000000
5 247 1995022389221660672.000000000
6 247 -1487211287038640896.000000000
7 247 2634.782075766
8 247 1609.637650828
9 247 261.936118332
10 247 -0.000000000
11 247 0.000000000
12 247 0.000000000
247 247 1360987070356954368.000000000
248 247 -231955746.811828107
249 247 -81929694.776614279
250 247 6494817461007188460830720.000000000
251 247 -3433188993660818785566720.000000000
252 247 15297476350139791589769216.000000000
1 248 -775477299187748991866273247126355968.000000000
2 248 -243929220953868704888476351818891264.000000000
3 248 114853250913146166821640538744160256.000000000
4 248 -302591922675713344.000000000
5 248 -1815772465535969024.000000000
6 248 1353587468505867520.000000000
7 248 18939.540427543
8 248 11570.519490762
9 248 1882.869079844
10 248 -0.000000000
11 248 0.000000000
12 248 0.000000000
247 248 -64037454.575984292
248 248 1360987070497710080.000000000
249 248 74568428.248658329
250 248 -5911267351230106600210432.000000000
251 248 3124721846406220403965952.000000000
252 248 -13923019861249947972141056.000000000
1 249 -1308265427582813119516502948459839488.000000000
2 249 -411519675541002709634430488367071232.000000000
3 249 193762651173086834316383352547966976.000000000
4 249 -510486317932311744.000000000
5 249 -3063290625664573952.000000000
6 249 2283563542234431744.000000000
7 249 -47795.165825810
8 249 -29198.960759762
9 249 -4751.542955528
10 249 0.000000000
11 249 -0.000000000
12 249 -0.000000000
247 249 -108034094.589120612
248 249 356160346.177825093
249 249 1360987070412395776.000000000
250 249 -9972576524049916784279552.000000000
251 249 5271547686499413311619072.000000000
252 249 -23488766919548693987196928.000000000
1 250 110193066560230908725979508956305267004534093124730880.000000000
2 250 34661632144111601116661613295073643274888054965272576.000000000
3 250 -16320312581409423267888975985499689195895131142619136.000000000
4 250 42997431273510948533480448004718592.000000000
5 250 258015981077219661889984496389849088.000000000
6 250 -192340838562767157080612157230415872.000000000
7 250 -26031655618935.312500000
8 250 -15903225311511.789062500
9 250 -2587929715060.804687500
10 250 0.000074810
11 250 -0.000005333
12 250 -0.000054402
247 250 9099535862404106371989504.000000000
248 250 -29998805980068344638734336.000000000
249 250 -10595956562368475762262016.000000000
250 250 839973881081610957284771982824994060107776.000000000
251 250 -444013877342249745334670355275145323479040.000000000
252 250 1978420588065062364233282468464171700715520.000000000
1 251 -54220686582417341478323680651087665699620314339606528.000000000
2 251 -17055315289675328229209935748344973264903496588591104.000000000
3 251 8030437676584690339024534077567299315954639370715136.000000000
4 251 -21156959486700228044821696455114752.000000000
5 251 -126957204114072845145922106787102720.000000000
6 251 94641638083561065831089752462327808.000000000
7 251 69614340165353.171875000
8 251 42528702467796.250000000
9 251 6920690030073.343750000
10 251 -0.000200057
11 251 0.000014261
12 251 0.000145484
247 251 -4477442160766070988734464.000000000
248 251 14760963712748356473192448.000000000
249 251 5213758521685753366315008.000000000
250 251 -413310582645856851247880294340506566000640.000000000
251 251 218477786607916087933130102943971064938496.000000000
252 251 -973485228991641307097139448365981338959872.000000000
1 252 103904625312660328469658094093027548729423659010097152.000000000
2 252 32683579948204972650777577834328523110373264105406464.000000000
3 252 -15388953376934579377121967465047004320105808699326464.000000000
4 252 40543675980185525343753385654878208.000000000
5 252 243291657772799058176284753269882880.000000000
6 252 -181364430513089181317982670899118080.000000000
7 252 26150675464258.082031250
8 252 15975936761156.675781250
9 252 2599762039477.722656250
10 252 -0.000075152
11 252 0.000005357
12 252 0.000054651
247 252 8580248229913975601496064.000000000
248 252 -28286849549490052227137536.000000000
249 252 -9991271963017177722781696.000000000
250 252 792038683654390081824598470844944687824896.000000000
251 252 -418675121756873845694405762198640579837952.000000000
252 252 1865517099493656594594082072166550927835136.000000000
1 253 0.000000000
2 253 0.000000000
3 253 0.000000000
4 253 0.000000000
5 253 0.000000000
6 253 0.000000000
7 253 0.000000000
8 253 0.000000000
9 253 0.000000000
10 253 0.000000000
11 253 0.000000000
12 253 0.000000000
253 253 1360987070286595328.000000000
254 253 0.000000000
255 253 0.000000000
256 253 0.000000000
257 253 0.000000000
258 253 0.000000000
1 254 0.000000000
2 254 0.000000000
3 254 0.000000000
4 254 0.000000000
5 254 0.000000000
6 254 0.000000000
7 254 0.000000000
8 254 0.000000000
9 254 0.000000000
10 254 0.000000000
11 254 0.000000000
12 254 0.000000000
253 254 0.000000000
254 254 1360987070286595328.000000000
255 254 0.000000000
256 254 0.000000000
257 254 0.000000000
258 254 0.000000000
1 255 0.000000000
2 255 0.000000000
3 255 0.000000000
4 255 0.000000000
5 255 0.000000000
6 255 0.000000000
7 255 0.000000000
8 255 0.000000000
9 255 0.000000000
10 255 0.000000000
11 255 0.000000000
12 255 0.000000000
253 255 0.000000000
254 255 0.000000000
255 255 1360987070286595328.000000000
256 255 0.000000000
257 255 0.000000000
258 255 0.000000000
1 256 0.000000000
2 256 0.000000000
3 256 0.000000000
4 256 0.000000000
5 256 0.000000000
6 256 0.000000000
7 256 0.000000000
8 256 0.000000000
9 256 0.000000000
10 256 0.000000000
11 256 0.000000000
12 256 0.000000000
253 256 0.000000000
254 256 0.000000000
255 256 0.000000000
256 256 1360987070286595328.000000000
257 256 0.000000000
258 256 0.000000000
1 257 0.000000000
2 257 0.000000000
3 257 0.000000000
4 257 0.000000000
5 257 0.000000000
6 257 0.000000000
7 257 0.000000000
8 257 0.000000000
9 257 0.000000000
10 257 0.000000000
11 257 0.000000000
12 257 0.000000000
253 257 0.000000000
254 257 0.000000000
255 257 0.000000000
256 257 0.000000000
257 257 1360987070286595328.000000000
258 257 0.000000000
1 258 0.000000000
2 258 0.000000000
3 258 0.000000000
4 258 0.000000000
5 258 0.000000000
6 258 0.000000000
7 258 0.000000000
8 258 0.000000000
9 258 0.000000000
10 258 0.000000000
11 258 0.000000000
12 258 0.000000000
253 258 0.000000000
254 258 0.000000000
255 258 0.000000000
256 258 0.000000000
257 258 0.000000000
258 258 1360987070286595328.000000000
1 259 -649.047687757
2 259 -2396.844923684
3 259 -169.912011411
4 259 0.000000000
5 259 -0.000000000
6 259 -0.000000000
7 259 0.000000000
8 259 0.000000000
9 259 0.000000000
10 259 0.000000000
11 259 0.000000000
12 259 0.000000000
259 259 1360987070286595328.000000000
260 259 -0.000000000
261 259 -0.000000000
262 259 0.000000000
263 259 -0.000000000
264 259 0.000000000
1 260 49283.019009265
2 260 181995.493034266
3 260 12901.635806145
4 260 -0.000000000
5 260 0.000000000
6 260 0.000000000
7 260 0.000000000
8 260 0.000000000
9 260 0.000000000
10 260 0.000000000
11 260 0.000000000
12 260 0.000000000
259 260 -0.000000000
260 260 1360987070286595328.000000000
261 260 0.000000000
262 260 -0.000000000
263 260 0.000000000
264 260 -0.000000000
1 261 -6573.060232246
2 261 -24273.418344900
3 261 -1720.739332798
4 261 0.000000000
5 261 -0.000000000
6 261 -0.000000000
7 261 0.000000000
8 261 0.000000000
9 261 0.000000000
10 261 0.000000000
11 261 0.000000000
12 261 0.000000000
259 261 0.000000000
260 261 -0.000000000
261 261 1360987070286595328.000000000
262 261 0.000000000
263 261 -0.000000000
264 261 0.000000000
1 262 671364767577993904128.000000000
2 262 2479258867201763442688.000000000
3 262 175754324684127731712.000000000
4 262 -34101.785559504
5 262 6814.234433048
6 262 22918.175647103
7 262 0.000000000
8 262 0.000000000
9 262 0.000000000
10 262 0.000000000
11 262 0.000000000
12 262 0.000000000
259 262 -0.000000000
260 262 0.000000000
261 262 0.000000000
262 262 1360987070286065920.000000000
263 262 307492.291788678
264 262 -2315348.170684170
1 263 -261504998786691301376.000000000
2 263 -965702429393827135488.000000000
3 263 -68458514183110180864.000000000
4 263 13283.073259167
5 263 -2654.229791615
6 263 -8926.916907496
7 263 0.000000000
8 263 0.000000000
9 263 0.000000000
10 263 0.000000000
11 263 0.000000000
12 263 0.000000000
259 263 0.000000000
260 263 -0.000000000
261 263 -0.000000000
262 263 206206.538761051
263 263 1360987070286475520.000000000
264 263 901857.156951854
1 264 -2026986381609317433344.000000000
2 264 -7485385297223396360192.000000000
3 264 -530637948024704270336.000000000
4 264 102960.206218517
5 264 -20573.555634607
6 264 -69194.619931574
7 264 0.000000000
8 264 0.000000000
9 264 0.000000000
10 264 0.000000000
11 264 0.000000000
12 264 0.000000000
259 264 0.000000000
260 264 -0.000000000
261 264 -0.000000000
262 264 1598355.089985825
263 264 -928381.586293298
264 264 1360987070293585920.000000000
1 265 0.000000000
2 265 0.000000000
3 265 0.000000000
4 265 0.000000000
5 265 0.000000000
6 265 0.000000000
7 265 21284664230528537329664.000000000
8 265 24586363036910695219200.000000000
9 265 56297081630762205184000.000000000
10 265 26573912773697.519531250
11 265 -5608968105683.542968750
12 265 9912756593255.156250000
265 265 1360987070286605312.000000000
266 265 -61933.575320386
267 265 -55358.673438895
268 265 112944536153336.656250000
269 265 92417375803820.593750000
270 265 -83072872222895.562500000
1 266 0.000000000
2 266 0.000000000
3 266 0.000000000
4 266 0.000000000
5 266 0.000000000
6 266 0.000000000
7 266 153000038366966852878336.000000000
8 266 176733560238929910693888.000000000
9 266 404678953643094138945536.000000000
10 266 191020616059546.343750000
11 266 -40318810110135.593750000
12 266 71255629060622.546875000
265 266 71595.668129787
266 266 1360987070286150144.000000000
267 266 -397933.416677879
268 266 811876484291181.875000000
269 266 664321592796290.250000000
270 266 -597150723154327.000000000
1 267 0.000000000
2 267 0.000000000
3 267 0.000000000
4 267 0.000000000
5 267 0.000000000
6 267 0.000000000
7 267 -386105578067246345879552.000000000
8 267 -445998668812538523680768.000000000
9 267 -1021233739518785624211456.000000000
10 267 -482052986219096.125000000
11 267 101747147587111.109375000
12 267 -179818228430829.656250000
265 267 -180676.339204959
266 267 1123480.203486193
267 267 1360987070287599616.000000000
268 267 -2048823272413829.000000000
269 267 -1676458877702766.750000000
270 267 1506948806141965.500000000
1 268 0.000000000
2 268 0.000000000
3 268 0.000000000
4 268 0.000000000
5 268 0.000000000
6 268 0.000000000
7 268 -210292552962937827807862552788992.000000000
8 268 -242913348085133038718513206788096.000000000
9 268 -556215352625363617411538500976640.000000000
10 268 -262550346055259672018944.000000000
11 268 55416623426931812990976.000000000
12 268 -97938067912103347355648.000000000
265 268 -98405438278313.484375000
266 268 611903928912635.375000000
267 268 546943876587438.500000000
268 268 -1115891029593065217064960.000000000
269 268 -913083978465845501231104.000000000
270 268 820760252194160493199360.000000000
1 269 0.000000000
2 269 0.000000000
3 269 0.000000000
4 269 0.000000000
5 269 0.000000000
6 269 0.000000000
7 269 562368276935635261647140409049088.000000000
8 269 649603417156565701958485206368256.000000000
9 269 1487441495449438761254041329598464.000000000
10 269 702117044277707525849088.000000000
11 269 -148196170482970349535232.000000000
12 269 261907812341037448298496.000000000
265 269 263157662912696.468750000
266 269 -1636364927356184.000000000
267 269 -1462647540881694.750000000
268 269 2984140294529290837426176.000000000
269 269 2441787607967819093770240.000000000
270 269 -2194892412024856466423808.000000000
1 270 0.000000000
2 270 0.000000000
3 270 0.000000000
4 270 0.000000000
5 270 0.000000000
6 270 0.000000000
7 270 211254035685841260215216948379648.000000000
8 270 244023976987848645774311228964864.000000000
9 270 558758435793207355918605562675200.000000000
10 270 263750757663125530476544.000000000
11 270 -55669994862277088509952.000000000
12 270 98385852481196622086144.000000000
265 270 98855359720662.500000000
266 270 -614701626916853.000000000
267 270 -549444569457096.812500000
268 270 1120994384155492176887808.000000000
269 270 917258707706065274798080.000000000
270 270 -824511505320199623540736.000000000
1 271 -90.808877146
2 271 -168.196892139
3 271 40.558162629
4 271 0.000000000
5 271 -0.000000000
6 271 0.000000000
7 271 0.000000000
8 271 0.000000000
9 271 0.000000000
10 271 0.000000000
11 271 0.000000000
12 271 0.000000000
271 271 1360987070286595328.000000000
272 271 -0.000000000
273 271 -0.000000000
274 271 0.000000000
275 271 -0.000000000
276 271 0.000000000
1 272 6895.233898871
2 272 12771.404611647
3 272 -3079.633033957
4 272 -0.000000000
5 272 0.000000000
6 272 -0.000000000
7 272 0.000000000
8 272 0.000000000
9 272 0.000000000
10 272 0.000000000
11 272 0.000000000
12 272 0.000000000
271 272 -0.000000000
272 272 1360987070286595328.000000000
273 272 0.000000000
274 272 -0.000000011
275 272 0.000000005
276 272 -0.000000010
1 273 -919.643086885
2 273 -1703.369912200
3 273 410.742154851
4 273 0.000000000
5 273 -0.000000000
6 273 0.000000000
7 273 0.000000000
8 273 0.000000000
9 273 0.000000000
10 273 0.000000000
11 273 0.000000000
12 273 0.000000000
271 273 0.000000000
272 273 -0.000000000
273 273 1360987070286595328.000000000
274 273 0.000000001
275 273 -0.000000001
276 273 0.000000001
1 274 93931280935552319488.000000000
2 274 173980232159297568768.000000000
3 274 -41952728498208579584.000000000
4 274 -0.001250652
5 274 0.001164481
6 274 -0.002057993
7 274 0.000000000
8 274 0.000000000
9 274 0.000000000
10 274 0.000000000
11 274 0.000000000
12 274 0.000000000
271 274 -0.000000001
272 274 0.000000001
273 274 0.000000002
274 274 1360987070139607552.000000000
275 274 72325588.031799883
276 274 -138599556.712344289
1 275 -36587412228525039616.000000000
2 275 -67767482889902956544.000000000
3 275 16341114018539730944.000000000
4 275 0.000487145
5 275 -0.000453580
6 275 0.000801614
7 275 0.000000000
8 275 0.000000000
9 275 0.000000000
10 275 0.000000000
11 275 0.000000000
12 275 0.000000000
271 275 0.000000000
272 275 -0.000000000
273 275 -0.000000001
274 275 57253584.065344103
275 275 1360987070258423552.000000000
276 275 53986265.976769388
1 276 -283597585780913897472.000000000
2 276 -525281602918125731840.000000000
3 276 126663795069262266368.000000000
4 276 0.003775972
5 276 -0.003515804
6 276 0.006213497
7 276 0.000000000
8 276 0.000000000
9 276 0.000000000
10 276 0.000000000
11 276 0.000000000
12 276 0.000000000
271 276 0.000000003
272 276 -0.000000003
273 276 -0.000000005
274 276 443785915.134418190
275 276 -218365617.414251655
276 276 1360987070705055488.000000000
1 277 0.000000000
2 277 0.000000000
3 277 0.000000000
4 277 0.000000000
5 277 0.000000000
6 277 0.000000000
7 277 1491.036836640
8 277 -307.695041298
9 277 1691.411840929
10 277 0.000000333
11 277 0.000000125
12 277 -0.000000217
277 277 1360987070286595328.000000000
278 277 -0.000000000
279 277 -0.000000000
280 277 0.000011970
281 277 0.000009470
282 277 -0.000008829
1 278 0.000000000
2 278 0.000000000
3 278 0.000000000
4 278 0.000000000
5 278 0.000000000
6 278 0.000000000
7 278 -9289.700142691
8 278 1888.074090860
9 278 -10456.373348039
10 278 -0.000002365
11 278 -0.000000905
12 278 0.000001639
277 278 -0.000000000
278 278 1360987070286595328.000000000
279 278 0.000000015
280 278 -0.000073045
281 278 -0.000063407
282 278 0.000053446
1 279 0.000000000
2 279 0.000000000
3 279 0.000000000
4 279 0.000000000
5 279 0.000000000
6 279 0.000000000
7 279 -8270.249911917
8 279 1733.870295712
9 279 -9458.367913336
10 279 -0.000001580
11 279 -0.000000572
12 279 0.000000935
277 279 -0.000000000
278 279 0.000000015
279 279 1360987070286595328.000000000
280 279 -0.000067828
281 279 -0.000048395
282 279 0.000050436
1 280 0.000000000
2 280 0.000000000
3 280 0.000000000
4 280 0.000000000
5 280 0.000000000
6 280 0.000000000
7 280 16936696978034.683593750
8 280 -3449244245030.714843750
9 280 19083386694500.582031250
10 280 4243.411646261
11 280 1620.111449713
12 280 -2920.064025908
277 280 0.000012062
278 280 -0.000072957
279 280 -0.000068966
280 280 1360987070286728960.000000000
281 280 114543.353683743
282 280 -97816.084997987
1 281 0.000000000
2 281 0.000000000
3 281 0.000000000
4 281 0.000000000
5 281 0.000000000
6 281 0.000000000
7 281 13811823042933.492187500
8 281 -2887304020550.952636719
9 281 15772456882639.587890625
10 281 2721.565766432
11 281 992.659403676
12 281 -1644.015561380
277 281 0.000009395
278 281 -0.000062399
279 281 -0.000048488
280 281 112834.889609183
281 281 1360987070286677504.000000000
282 281 -83780.646017090
1 282 0.000000000
2 282 0.000000000
3 282 0.000000000
4 282 0.000000000
5 282 0.000000000
6 282 0.000000000
7 282 -12460863517437.070312500
8 282 2531982106201.850585938
9 282 -14024071888089.552734375
10 282 -3178.937239198
11 282 -1217.276988854
12 282 2205.182545553
277 282 -0.000008909
278 282 0.000053454
279 282 0.000051338
280 282 -97947.701551843
281 282 -85144.949944761
282 282 1360987070286667008.000000000
1 283 0.000000000
2 283 0.000000000
3 283 0.000000000
4 283 0.000000000
5 283 0.000000000
6 283 0.000000000
7 283 0.000000000
8 283 0.000000000
9 283 0.000000000
10 283 0.000000000
11 283 0.000000000
12 283 0.000000000
283 283 1360987070286595328.000000000
284 283 0.000000000
285 283 0.000000000
286 283 0.000000000
287 283 0.000000000
288 283 0.000000000
1 284 0.000000000
2 284 0.000000000
3 284 0.000000000
4 284 0.000000000
5 284 0.000000000
6 284 0.000000000
7 284 0.000000000
8 284 0.000000000
9 284 0.000000000
10 284 0.000000000
11 284 0.000000000
12 284 0.000000000
283 284 0.000000000
284 284 1360987070286595328.000000000
285 284 0.000000000
286 284 0.000000000
287 284 0.000000000
288 284 0.000000000
1 285 0.000000000
2 285 0.000000000
3 285 0.000000000
4 285 0.000000000
5 285 0.000000000
6 285 0.000000000
7 285 0.000000000
8 285 0.000000000
9 285 0.000000000
10 285 0.000000000
11 285 0.000000000
12 285 0.000000000
283 285 0.000000000
284 285 0.000000000
285 285 1360987070286595328.000000000
286 285 0.000000000
287 285 0.000000000
288 285 0.000000000
1 286 0.000000000
2 286 0.000000000
3 286 0.000000000
4 286 0.000000000
5 286 0.000000000
6 286 0.000000000
7 286 0.000000000
8 286 0.000000000
9 286 0.000000000
10 286 0.000000000
11 286 0.000000000
12 286 0.000000000
283 286 0.000000000
284 286 0.000000000
285 286 0.000000000
286 286 1360987070286595328.000000000
287 286 0.000000000
288 286 0.000000000
1 287 0.000000000
2 287 0.000000000
3 287 0.000000000
4 287 0.000000000
5 287 0.000000000
6 287 0.000000000
7 287 0.000000000
8 287 0.000000000
9 287 0.000000000
10 287 0.000000000
11 287 0.000000000
12 287 0.000000000
283 287 0.000000000
284 287 0.000000000
285 287 0.000000000
286 287 0.000000000
287 287 1360987070286595328.000000000
288 287 0.000000000
1 288 0.000000000
2 288 0.000000000
3 288 0.000000000
4 288 0.000000000
5 288 0.000000000
6 288 0.000000000
7 288 0.000000000
8 288 0.000000000
9 288 0.000000000
10 288 0.000000000
11 288 0.000000000
12 288 0.000000000
283 288 0.000000000
284 288 0.000000000
285 288 0.000000000
286 288 0.000000000
287 288 0.000000000
288 288 1360987070286595328.000000000
1 289 0.000000000
2 289 0.000000000
3 289 0.000000000
4 289 0.000000000
5 289 0.000000000
6 289 0.000000000
7 289 0.000000000
8 289 0.000000000
9 289 0.000000000
10 289 0.000000000
11 289 0.000000000
12 289 0.000000000
289 289 1360987070286595328.000000000
290 289 0.000000000
291 289 0.000000000
292 289 0.000000000
293 289 0.000000000
294 289 0.000000000
1 290 0.000000000
2 290 0.000000000
3 290 0.000000000
4 290 0.000000000
5 290 0.000000000
6 290 0.000000000
7 290 0.000000000
8 290 0.000000000
9 290 0.000000000
10 290 0.000000000
11 290 0.000000000
12 290 0.000000000
289 290 0.000000000
290 290 1360987070286595328.000000000
291 290 0.000000000
292 290 0.000000000
293 290 0.000000000
294 290 0.000000000
1 291 0.000000000
2 291 0.000000000
3 291 0.000000000
4 291 0.000000000
5 291 0.000000000
6 291 0.000000000
7 291 0.000000000
8 291 0.000000000
9 291 0.000000000
10 291 0.000000000
11 291 0.000000000
12 291 0.000000000
289 291 0.000000000
290 291 0.000000000
291 291 1360987070286595328.000000000
292 291 0.000000000
293 291 0.000000000
294 291 0.000000000
1 292 0.000000000
2 292 0.000000000
3 292 0.000000000
4 292 0.000000000
5 292 0.000000000
6 292 0.000000000
7 292 0.000000000
8 292 0.000000000
9 292 0.000000000
10 292 0.000000000
11 292 0.000000000
12 292 0.000000000
289 292 0.000000000
290 292 0.000000000
291 292 0.000000000
292 292 1360987070286595328.000000000
293 292 0.000000000
294 292 0.000000000
1 293 0.000000000
2 293 0.000000000
3 293 0.000000000
4 293 0.000000000
5 293 0.000000000
6 293 0.000000000
7 293 0.000000000
8 293 0.000000000
9 293 0.000000000
10 293 0.000000000
11 293 0.000000000
12 293 0.000000000
289 293 0.000000000
290 293 0.000000000
291 293 0.000000000
292 293 0.000000000
293 293 1360987070286595328.000000000
294 293 0.000000000
1 294 0.000000000
2 294 0.000000000
3 294 0.000000000
4 294 0.000000000
5 294 0.000000000
6 294 0.000000000
7 294 0.000000000
8 294 0.000000000
9 294 0.000000000
10 294 0.000000000
11 294 0.000000000
12 294 0.000000000
289 294 0.000000000
290 294 0.000000000
291 294 0.000000000
292 294 0.000000000
293 294 0.000000000
294 294 1360987070286595328.000000000
1 295 0.000000000
2 295 0.000000000
3 295 0.000000000
4 295 0.000000000
5 295 0.000000000
6 295 0.000000000
295 295 1360987070286595328.000000000
296 295 0.000000000
297 295 0.000000000
298 295 0.000000000
299 295 0.000000000
300 295 0.000000000
1 296 0.000000000
2 296 0.000000000
3 296 0.000000000
4 296 0.000000000
5 296 0.000000000
6 296 0.000000000
295 296 0.000000000
296 296 1360987070286595328.000000000
297 296 0.000000000
298 296 0.000000000
299 296 0.000000000
300 296 0.000000000
1 297 0.000000000
2 297 0.000000000
3 297 0.000000000
4 297 0.000000000
5 297 0.000000000
6 297 0.000000000
295 297 0.000000000
296 297 0.000000000
297 297 1360987070286595328.000000000
298 297 0.000000000
299 297 0.000000000
300 297 0.000000000
1 298 0.000000000
2 298 0.000000000
3 298 0.000000000
4 298 0.000000000
5 298 0.000000000
6 298 0.000000000
295 298 0.000000000
296 298 0.000000000
297 298 0.000000000
298 298 1360987070286595328.000000000
299 298 0.000000000
300 298 0.000000000
1 299 0.000000000
2 299 0.000000000
3 299 0.000000000
4 299 0.000000000
5 299 0.000000000
6 299 0.000000000
295 299 0.000000000
296 299 0.000000000
297 299 0.000000000
298 299 0.000000000
299 299 1360987070286595328.000000000
300 299 0.000000000
1 300 0.000000000
2 300 0.000000000
3 300 0.000000000
4 300 0.000000000
5 300 0.000000000
6 300 0.000000000
295 300 0.000000000
296 300 0.000000000
297 300 0.000000000
298 300 0.000000000
299 300 0.000000000
300 300 1360987070286595328.000000000
1 301 0.000000000
2 301 0.000000000
3 301 0.000000000
4 301 0.000000000
5 301 0.000000000
6 301 0.000000000
7 301 603.297155529
8 301 -499.158832802
9 301 264.925996502
10 301 -0.000000132
11 301 -0.000000025
12 301 0.000000045
301 301 1360987070286595328.000000000
302 301 -0.000000000
303 301 -0.000000000
304 301 0.000007968
305 301 0.000006520
306 301 -0.000005861
1 302 0.000000000
2 302 0.000000000
3 302 0.000000000
4 302 0.000000000
5 302 0.000000000
6 302 0.000000000
7 302 -3751.417667852
8 302 3103.865561566
9 302 -1647.360765490
10 302 0.000000819
11 302 0.000000158
12 302 -0.000000280
301 302 -0.000000000
302 302 1360987070286595328.000000000
303 302 0.000000000
304 302 -0.000049548
305 302 -0.000040543
306 302 0.000036444
1 303 0.000000000
2 303 0.000000000
3 303 0.000000000
4 303 0.000000000
5 303 0.000000000
6 303 0.000000000
7 303 -3353.165137540
8 303 2774.357513386
9 303 -1472.476054887
10 303 0.000000732
11 303 0.000000141
12 303 -0.000000250
301 303 -0.000000000
302 303 0.000000000
303 303 1360987070286595328.000000000
304 303 -0.000044288
305 303 -0.000036239
306 303 0.000032575
1 304 0.000000000
2 304 0.000000000
3 304 0.000000000
4 304 0.000000000
5 304 0.000000000
6 304 0.000000000
7 304 6841234761938.444335938
8 304 -5660332934435.627929688
9 304 3004192743159.578125000
10 304 -1492.727889999
11 304 -288.578269965
12 304 510.005779025
301 304 0.000007968
302 304 -0.000049548
303 304 -0.000044288
304 304 1360987070286685696.000000000
305 304 73936.043268811
306 304 -66460.223758945
1 305 0.000000000
2 305 0.000000000
3 305 0.000000000
4 305 0.000000000
5 305 0.000000000
6 305 0.000000000
7 305 5597871180752.538085938
8 305 -4631592937495.330078125
9 305 2458194253458.690429688
10 305 -1221.431324447
11 305 -236.130470162
12 305 417.314527533
301 305 0.000006520
302 305 -0.000040543
303 305 -0.000036239
304 305 73936.043268811
305 305 1360987070286655744.000000000
306 305 -54381.377659542
1 306 0.000000000
2 306 0.000000000
3 306 0.000000000
4 306 0.000000000
5 306 0.000000000
6 306 0.000000000
7 306 -5031859358417.969726562
8 306 4163283418713.007812500
9 306 -2209641372528.430664062
10 306 1097.929988406
11 306 212.254851483
12 306 -375.119030604
301 306 -0.000005861
302 306 0.000036444
303 306 0.000032575
304 306 -66460.223758945
305 306 -54381.377659542
306 306 1360987070286644224.000000000
1 307 0.000000000
2 307 0.000000000
3 307 0.000000000
4 307 0.000000000
5 307 0.000000000
6 307 0.000000000
7 307 0.000000000
8 307 0.000000000
9 307 0.000000000
10 307 0.000000000
11 307 0.000000000
12 307 0.000000000
307 307 1360987070286595328.000000000
308 307 0.000000000
309 307 0.000000000
310 307 0.000000000
311 307 0.000000000
312 307 0.000000000
1 308 0.000000000
2 308 0.000000000
3 308 0.000000000
4 308 0.000000000
5 308 0.000000000
6 308 0.000000000
7 308 0.000000000
8 308 0.000000000
9 308 0.000000000
10 308 0.000000000
11 308 0.000000000
12 308 0.000000000
307 308 0.000000000
308 308 1360987070286595328.000000000
309 308 0.000000000
310 308 0.000000000
311 308 0.000000000
312 308 0.000000000
1 309 0.000000000
2 309 0.000000000
3 309 0.000000000
4 309 0.000000000
5 309 0.000000000
6 309 0.000000000
7 309 0.000000000
8 309 0.000000000
9 309 0.000000000
10 309 0.000000000
11 309 0.000000000
12 309 0.000000000
307 309 0.000000000
308 309 0.000000000
309 309 1360987070286595328.000000000
310 309 0.000000000
311 309 0.000000000
312 309 0.000000000
1 310 0.000000000
2 310 0.000000000
3 310 0.000000000
4 310 0.000000000
5 310 0.000000000
6 310 0.000000000
7 310 0.000000000
8 310 0.000000000
9 310 0.000000000
10 310 0.000000000
11 310 0.000000000
12 310 0.000000000
307 310 0.000000000
308 310 0.000000000
309 310 0.000000000
310 310 1360987070286595328.000000000
311 310 0.000000000
312 310 0.000000000
1 311 0.000000000
2 311 0.000000000
3 311 0.000000000
4 311 0.000000000
5 311 0.000000000
6 311 0.000000000
7 311 0.000000000
8 311 0.000000000
9 311 0.000000000
10 311 0.000000000
11 311 0.000000000
12 311 0.000000000
307 311 0.000000000
308 311 0.000000000
309 311 0.000000000
310 311 0.000000000
311 311 1360987070286595328.000000000
312 311 0.000000000
1 312 0.000000000
2 312 0.000000000
3 312 0.000000000
4 312 0.000000000
5 312 0.000000000
6 312 0.000000000
7 312 0.000000000
8 312 0.000000000
9 312 0.000000000
10 312 0.000000000
11 312 0.000000000
12 312 0.000000000
307 312 0.000000000
308 312 0.000000000
309 312 0.000000000
310 312 0.000000000
311 312 0.000000000
312 312 1360987070286595328.000000000
1 313 -81.468531447
2 313 169.391263803
3 313 174.792776338
4 313 -0.000000000
5 313 -0.000000000
6 313 0.000000000
7 313 0.000000000
8 313 0.000000000
9 313 0.000000000
10 313 0.000000000
11 313 0.000000000
12 313 0.000000000
313 313 1360987070286595328.000000000
314 313 -0.000000000
315 313 -0.000000000
316 313 0.000000004
317 313 -0.000000002
318 313 0.000000003
1 314 74.148699788
2 314 -154.171699715
3 314 -159.087894033
4 314 0.000000000
5 314 0.000000000
6 314 -0.000000000
7 314 0.000000000
8 314 0.000000000
9 314 0.000000000
10 314 0.000000000
11 314 0.000000000
12 314 0.000000000
313 314 -0.000000000
314 314 1360987070286595328.000000000
315 314 0.000000000
316 314 -0.000000003
317 314 0.000000002
318 314 -0.000000003
1 315 125.092224537
2 315 -260.094660231
3 315 -268.388503349
4 315 0.000000000
5 315 0.000000000
6 315 -0.000000000
7 315 0.000000000
8 315 0.000000000
9 315 0.000000000
10 315 0.000000000
11 315 0.000000000
12 315 0.000000000
313 315 -0.000000000
314 315 0.000000000
315 315 1360987070286595328.000000000
316 315 -0.000000005
317 315 0.000000003
318 315 -0.000000005
1 316 -10536314370087391232.000000000
2 316 21907349688025411584.000000000
3 316 22605926587988373504.000000000
4 316 -66.870723929
5 316 -375.529662611
6 316 663.675397840
7 316 0.000000000
8 316 0.000000000
9 316 0.000000000
10 316 0.000000000
11 316 0.000000000
12 316 0.000000000
313 316 0.000000004
314 316 -0.000000003
315 316 -0.000000005
316 316 1360987070746112512.000000000
317 316 -226106207.567710042
318 316 433293679.202652693
1 317 5184411479120300032.000000000
2 317 -10779548826119491584.000000000
3 317 -11123284782736191488.000000000
4 317 32.903853908
5 317 184.780011796
6 317 -326.562612894
7 317 0.000000000
8 317 0.000000000
9 317 0.000000000
10 317 0.000000000
11 317 0.000000000
12 317 0.000000000
313 317 -0.000000002
314 317 0.000000002
315 317 0.000000003
316 317 -226106207.567710042
317 317 1360987070397851392.000000000
318 317 -213202894.805982292
1 318 -9935033400689805312.000000000
2 318 20657152323494940672.000000000
3 318 21315863196225363968.000000000
4 318 -63.054579849
5 318 -354.099128969
6 318 625.801111580
7 318 0.000000000
8 318 0.000000000
9 318 0.000000000
10 318 0.000000000
11 318 0.000000000
12 318 0.000000000
313 318 0.000000003
314 318 -0.000000003
315 318 -0.000000005
316 318 433293679.202652633
317 318 -213202894.805982262
318 318 1360987070695162112.000000000
1 319 0.000000000
2 319 0.000000000
3 319 0.000000000
4 319 0.000000000
5 319 0.000000000
6 319 0.000000000
7 319 -0.028982358
8 319 1289.335286105
9 319 -1922.295430499
10 319 -0.000000004
11 319 0.000000001
12 319 -0.000000004
319 319 1360987070286595328.000000000
320 319 -0.000000000
321 319 -0.000000000
322 319 0.000001336
323 319 0.000000865
324 319 -0.000001000
1 320 0.000000000
2 320 0.000000000
3 320 0.000000000
4 320 0.000000000
5 320 0.000000000
6 320 0.000000000
7 320 -0.208333182
8 320 9268.097730148
9 320 -13817.989865075
10 320 -0.000000030
11 320 0.000000009
12 320 -0.000000026
319 320 0.000000000
320 320 1360987070286595328.000000000
321 320 0.000000000
322 320 0.000009601
323 320 0.000006219
324 320 -0.000007188
1 321 0.000000000
2 321 0.000000000
3 321 0.000000000
4 321 0.000000000
5 321 0.000000000
6 321 0.000000000
7 321 0.525742376
8 321 -23388.649243995
9 321 34870.598867339
10 321 0.000000075
11 321 -0.000000022
12 321 0.000000067
319 321 -0.000000000
320 321 0.000000000
321 321 1360987070286595328.000000000
322 321 -0.000024229
323 321 -0.000015694
324 321 0.000018139
1 322 0.000000000
2 322 0.000000000
3 322 0.000000000
4 322 0.000000000
5 322 0.000000000
6 322 0.000000000
7 322 286345789.279757440
8 322 -12738636889150.765625000
9 322 18992285208275.476562500
10 322 40.935593692
11 322 -11.976518163
12 322 36.378952073
319 322 -0.000001042
320 322 0.000007352
321 322 0.000004969
322 322 1360987070286582016.000000000
323 322 -8547.831067969
324 322 9879.583060971
1 323 0.000000000
2 323 0.000000000
3 323 0.000000000
4 323 0.000000000
5 323 0.000000000
6 323 0.000000000
7 323 -765751263.447793722
8 323 34065900940976.234375000
9 323 -50789524199320.570312500
10 323 -109.470730017
11 323 32.027828794
12 323 -97.285273805
319 323 0.000002786
320 323 -0.000019660
321 323 -0.000013289
322 323 35290.154575864
323 323 1360987070286618112.000000000
324 323 -26420.165738442
1 324 0.000000000
2 324 0.000000000
3 324 0.000000000
4 324 0.000000000
5 324 0.000000000
6 324 0.000000000
7 324 -287654996.502217472
8 324 12796879461746.371093750
9 324 -19079120209510.304687500
10 324 -41.122756126
11 324 12.031276237
12 324 -36.545280996
319 324 0.000001046
320 324 -0.000007385
321 324 -0.000004992
322 324 13256.771194051
323 324 8586.912774735
324 324 1360987070286585344.000000000
1 325 -133.912355673
2 325 100.867222181
3 325 194.652576209
4 325 -0.000000000
5 325 -0.000000000
6 325 0.000000000
7 325 -24.594165578
8 325 93.369371890
9 325 128.996206971
10 325 0.000000078
11 325 0.000000023
12 325 -0.000000041
325 325 1360987070286595328.000000000
326 325 -0.000000000
327 325 -0.000000000
328 325 0.000000000
329 325 -0.000000000
330 325 0.000000000
1 326 121.880521011
2 326 -91.804445755
3 326 -177.163319136
4 326 0.000000000
5 326 0.000000000
6 326 -0.000000000
7 326 152.931248603
8 326 -580.588700168
9 326 -802.123208246
10 326 -0.000000482
11 326 -0.000000145
12 326 0.000000257
325 326 -0.000000000
326 326 1360987070286595328.000000000
327 326 0.000000000
328 326 -0.000000000
329 326 -0.000000000
330 326 0.000000000
1 327 205.617975022
2 327 -154.878269945
3 327 -298.882566523
4 327 0.000000000
5 327 0.000000000
6 327 -0.000000000
7 327 136.695984467
8 327 -518.953089478
9 327 -716.969374258
10 327 -0.000000431
11 327 -0.000000130
12 327 0.000000229
325 327 -0.000000000
326 327 0.000000000
327 327 1360987070286595328.000000000
328 327 -0.000000000
329 327 -0.000000000
330 327 0.000000000
1 328 -17318867203721162752.000000000
2 328 13045144470617456640.000000000
3 328 25174391872011853824.000000000
4 328 -122.236778331
5 328 -326.040967317
6 328 576.213786127
7 328 -278891519623.026123047
8 328 1058784691456.231445312
9 328 1462783849059.401367188
10 328 879.731200788
11 328 264.876646653
12 328 -468.117784954
325 328 0.000000000
326 328 -0.000000000
327 328 -0.000000000
328 328 1360987070288064768.000000000
329 328 -723021.056258482
330 328 1385545.607927452
1 329 8521778183768007680.000000000
2 329 -6418885614523563008.000000000
3 329 -12387102512018964480.000000000
4 329 60.146815527
5 329 160.429014762
6 329 -283.526977489
7 329 -228204243032.241394043
8 329 866355346245.335449219
9 329 1196929477976.240722656
10 329 719.844020425
11 329 216.736510053
12 329 -383.039487575
325 329 -0.000000000
326 329 -0.000000000
327 329 -0.000000000
328 329 -723021.056258482
329 329 1360987070286951168.000000000
330 329 -681760.129707676
1 330 -16330522997640384512.000000000
2 330 12300690875393212416.000000000
3 330 23737752624442359808.000000000
4 330 -115.261032735
5 330 -307.434629084
6 330 543.330714140
7 330 205130060848.971557617
8 330 -778756444362.120361328
9 330 -1075905572073.457641602
10 330 -647.059168355
11 330 -194.821853023
12 330 344.309607699
325 330 0.000000000
326 330 0.000000000
327 330 0.000000000
328 330 1385545.607927451
329 330 -681760.129707676
330 330 1360987070287901696.000000000
1 331 -14874279551670828355795505040525531710637295602564987882083475955020871246513155572206215431811459868309215508220663037952.000000000
2 331 -149832773197454197784852979556167414651887502390654869437795302274344253444586084438503593684638969534448693092681248669696.000000000
3 331 690654269318781097044303338849378309917720942782339061958228617148897541223519925018458758852442323148854513369088.000000000
4 331 -4725773948405559622615298714541931966936679641595608779718656.000000000
5 331 80114064660110564017080524792310873654187219148597519974400.000000000
6 331 -6723273886587511359136582394863797453764066842622403320741888.000000000
7 331 -110.700103611
8 331 -17.802618587
9 331 0.000000082
10 331 -0.000000000
11 331 -0.000000000
12 331 0.000000000
331 331 1360987070286602752.000000000
332 331 -740.218988349
333 331 -12389.049523269
334 331 1058127922904214274048.000000000
335 331 -512105441251460513792.000000000
336 331 667438542965033926656.000000000
1 332 1129423023486831140303942561242069095271536925719504134448065515684909408804677635721785433559195634843217906678461670359040.000000000
2 332 11376993630799169141881077697872394467122137044473293447022532881565754568381006951748034652944579136836961893962375850098688.000000000
3 332 -52442259830358235368346359256121417703359412532180394223640337046267387011328643933095203570517243094732724911472640.000000000
4 332 358834045210879295224068005649917546990334369995282626675474432.000000000
5 332 -6083163141980724933036556283950003405167492029328270691401728.000000000
6 332 510506763997638944269573702201846700173396363518169815206330368.000000000
7 332 688.354521005
8 332 110.700104067
9 332 -0.000000510
10 332 0.000000000
11 332 0.000000000
12 332 -0.000000000
331 332 -566176.401141183
332 332 1360987070286651648.000000000
333 332 940716.336686466
334 332 -80345003182898731286528.000000000
335 332 38884819516338357665792.000000000
336 332 -50679460108878827487232.000000000
1 333 -150635365087289031701065743925585032011527111795971322707343145441007169850566218432844767673792296641944602635022421196800.000000000
2 333 -1517392113966567710015164022514960585444394406754652301763176250455934485096346768488878649988979903918216397095733932589056.000000000
3 333 6994419974864797284526928025894935553741733366926065210177636593815671544114539546863424576269448372586505473884160.000000000
4 333 -47859036235345374668734723856599322550715373777112522739941376.000000000
5 333 811334178356681127887022388567435514601018083821678497890304.000000000
6 333 -68088192975651234705955765949207111150476803550316699335000064.000000000
7 333 615.278432440
8 333 98.948121096
9 333 -0.000000456
10 333 0.000000000
11 333 0.000000000
12 333 -0.000000000
331 333 75513.060311457
332 333 -7496.373667521
333 333 1360987070286469888.000000000
334 333 10715913024360677376000.000000000
335 333 -5186213546553636814848.000000000
336 333 6759308794997904506880.000000000
1 334 15385721916060561550868569771460805228013354126434959270460163460992339570270072722795273910683162336782140761163068344806432227800924553216.000000000
2 334 154984675010309977481138679021937627301811647295757380760795812063608300541680945172009864706187817783276244899981260620601895046864481288192.000000000
3 334 -714401964207074606372312782229152847801500966913062690682483301134196928689438187929308527983231290491795261334475423376339323846656.000000000
4 334 4888266591719665380186922492730358612679325057815245528596920338498408373288960.000000000
5 334 -82868734323827917650074399845032025929923972710577453891577404075795611123712.000000000
6 334 6954449257539163674805157612644026698901464063625234293475962958801899175804928.000000000
7 334 -1255310737056.457275391
8 334 -201877121436.346099854
9 334 930.552627425
10 334 -0.000000000
11 334 -0.000000000
12 334 0.000000000
331 334 -7712816617197080150016.000000000
332 334 765670933651729154048.000000000
333 334 12815038880179099271168.000000000
334 334 -1094510958790892845949097648779656429568.000000000
335 334 529713851580219889526874592062553980928.000000000
336 334 -690387980301683304558149117813293318144.000000000
1 335 -5992931689738059068868682721108488651968825173418985250895190662214270547314814523810728442853027333944924167470992125467200212951548035072.000000000
2 335 -60368475094008385196586582249327514718809503740648763379492575145883166121042579622493362657313254778790984590121303269109028884016200155136.000000000
3 335 278268526746121903214829069206810282212843860325894583395406420840312756558011386227804598423567661275163340317356406722958658109440.000000000
4 335 -1904041157459415214479609176648571971054246274562838796818847569078370397323264.000000000
5 335 32278411551124095621108390814315105188873351127677290995673375999883980308480.000000000
6 335 -2708845224654437511330575506193041722662469490582773754130014628838065599152128.000000000
7 335 -1027163668896.880493164
8 335 -165186864574.370605469
9 335 761.428881847
10 335 -0.000000000
11 335 -0.000000000
12 335 0.000000000
331 335 3004238824444690169856.000000000
332 335 -298238433479218102272.000000000
333 335 -4991618399789382631424.000000000
334 335 426325748345711196570644509162039410688.000000000
335 335 -206330190091017050721431888521374728192.000000000
336 335 268914778775852609871169209832457633792.000000000
1 336 -46452614586242416745316515141846470320809078435809142626509612447124288768434324459203757040862888751034763969804761644556755402172045197312.000000000
2 336 -467930163713198593420305287268474527151337766785107908318453099085133841667114657365165550864950252073924172766805798042713151874473278832640.000000000
3 336 2156924405888576904617410199222817353388722943422057221630140471723821556079707449652976616635789625061585849158232052109998764851200.000000000
4 336 -14758668148221628985030001532435926179559798430624457972096373960647604881588224.000000000
5 336 250197514149543027956487755783072979563823165038741891229847871763284485996544.000000000
6 336 -20996892624376931716911072230623904701034635526493368600825091701381357700644864.000000000
7 336 923305119584.920898438
8 336 148484494115.230468750
9 336 -684.439302224
10 336 0.000000000
11 336 0.000000000
12 336 -0.000000000
331 336 23286557475020187107328.000000000
332 336 -2311715821646608072704.000000000
333 336 -38691201183564150341632.000000000
334 336 3304550544102780658620889832842229448704.000000000
335 336 -1599313540352246978666656650683584872448.000000000
336 336 2084421318602634964467456595033468174336.000000000
13 337 0.000000000
14 337 0.000000000
15 337 0.000000000
16 337 0.000000000
17 337 0.000000000
18 337 0.000000000
337 337 1360987070286595328.000000000
338 337 0.000000000
339 337 0.000000000
340 337 0.000000000
341 337 0.000000000
342 337 0.000000000
13 338 0.000000000
14 338 0.000000000
15 338 0.000000000
16 338 0.000000000
17 338 0.000000000
18 338 0.000000000
337 338 0.000000000
338 338 1360987070286595328.000000000
339 338 0.000000000
340 338 0.000000000
341 338 0.000000000
342 338 0.000000000
13 339 0.000000000
14 339 0.000000000
15 339 0.000000000
16 339 0.000000000
17 339 0.000000000
18 339 0.000000000
337 339 0.000000000
338 339 0.000000000
339 339 1360987070286595328.000000000
340 339 0.000000000
341 339 0.000000000
342 339 0.000000000
13 340 0.000000000
14 340 0.000000000
15 340 0.000000000
16 340 0.000000000
17 340 0.000000000
18 340 0.000000000
337 340 0.000000000
338 340 0.000000000
339 340 0.000000000
340 340 1360987070286595328.000000000
341 340 0.000000000
342 340 0.000000000
13 341 0.000000000
14 341 0.000000000
15 341 0.000000000
16 341 0.000000000
17 341 0.000000000
18 341 0.000000000
337 341 0.000000000
338 341 0.000000000
339 341 0.000000000
340 341 0.000000000
341 341 1360987070286595328.000000000
342 341 0.000000000
13 342 0.000000000
14 342 0.000000000
15 342 0.000000000
16 342 0.000000000
17 342 0.000000000
18 342 0.000000000
337 342 0.000000000
338 342 0.000000000
339 342 0.000000000
340 342 0.000000000
341 342 0.000000000
342 342 1360987070286595328.000000000
13 343 0.000000000
14 343 0.000000000
15 343 0.000000000
16 343 0.000000000
17 343 0.000000000
18 343 0.000000000
343 343 1360987070286595328.000000000
344 343 0.000000000
345 343 0.000000000
346 343 0.000000000
347 343 0.000000000
348 343 0.000000000
13 344 0.000000000
14 344 0.000000000
15 344 0.000000000
16 344 0.000000000
17 344 0.000000000
18 344 0.000000000
343 344 0.000000000
344 344 1360987070286595328.000000000
345 344 0.000000000
346 344 0.000000000
347 344 0.000000000
348 344 0.000000000
13 345 0.000000000
14 345 0.000000000
15 345 0.000000000
16 345 0.000000000
17 345 0.000000000
18 345 0.000000000
343 345 0.000000000
344 345 0.000000000
345 345 1360987070286595328.000000000
346 345 0.000000000
347 345 0.000000000
348 345 0.000000000
13 346 0.000000000
14 346 0.000000000
15 346 0.000000000
16 346 0.000000000
17 346 0.000000000
18 346 0.000000000
343 346 0.000000000
344 346 0.000000000
345 346 0.000000000
346 346 1360987070286595328.000000000
347 346 0.000000000
348 346 0.000000000
13 347 0.000000000
14 347 0.000000000
15 347 0.000000000
16 347 0.000000000
17 347 0.000000000
18 347 0.000000000
343 347 0.000000000
344 347 0.000000000
345 347 0.000000000
346 347 0.000000000
347 347 1360987070286595328.000000000
348 347 0.000000000
13 348 0.000000000
14 348 0.000000000
15 348 0.000000000
16 348 0.000000000
17 348 0.000000000
18 348 0.000000000
343 348 0.000000000
344 348 0.000000000
345 348 0.000000000
346 348 0.000000000
347 348 0.000000000
348 348 1360987070286595328.000000000
13 349 0.000000000
14 349 0.000000000
15 349 0.000000000
16 349 0.000000000
17 349 0.000000000
18 349 0.000000000
349 349 1360987070286595328.000000000
350 349 0.000000000
351 349 0.000000000
352 349 0.000000000
353 349 0.000000000
354 349 0.000000000
13 350 0.000000000
14 350 0.000000000
15 350 0.000000000
16 350 0.000000000
17 350 0.000000000
18 350 0.000000000
349 350 0.000000000
350 350 1360987070286595328.000000000
351 350 0.000000000
352 350 0.000000000
353 350 0.000000000
354 350 0.000000000
13 351 0.000000000
14 351 0.000000000
15 351 0.000000000
16 351 0.000000000
17 351 0.000000000
18 351 0.000000000
349 351 0.000000000
350 351 0.000000000
351 351 1360987070286595328.000000000
352 351 0.000000000
353 351 0.000000000
354 351 0.000000000
13 352 0.000000000
14 352 0.000000000
15 352 0.000000000
16 352 0.000000000
17 352 0.000000000
18 352 0.000000000
349 352 0.000000000
350 352 0.000000000
351 352 0.000000000
352 352 1360987070286595328.000000000
353 352 0.000000000
354 352 0.000000000
13 353 0.000000000
14 353 0.000000000
15 353 0.000000000
16 353 0.000000000
17 353 0.000000000
18 353 0.000000000
349 353 0.000000000
350 353 0.000000000
351 353 0.000000000
352 353 0.000000000
353 353 1360987070286595328.000000000
354 353 0.000000000
13 354 0.000000000
14 354 0.000000000
15 354 0.000000000
16 354 0.000000000
17 354 0.000000000
18 354 0.000000000
349 354 0.000000000
350 354 0.000000000
351 354 0.000000000
352 354 0.000000000
353 354 0.000000000
354 354 1360987070286595328.000000000
